-2.32023063879741,-2.32023063879741,-2.32023063879741,-2.32023063879741,-2.32023063879741,-2.32023063879741,-2.32023063879741,-2.32023063879741,-2.32023063879741,-2.32023063879741,-2.32023063879741,-2.32023063879741,-2.32023063879741,-2.32023063879741,-2.32023063879741,-2.32023063879741,-2.32023063879741,-2.32023063879741,-2.32023063879741,-2.32023063879741,-2.32023063879741,-2.32023063879741,-2.32023063879741,-2.32023063879741,-2.32023063879741,-2.32023063879741,-2.32023063879741,-2.32023063879741,-2.32023063879741,-2.32023063879741,-2.32023063879741,-2.32023063879741,-2.32023063879741,-2.32023063879741,-2.32023063879741,-2.32023063879741,-2.32023063879741,-2.32023063879741,-2.32023063879741,-2.32023063879741,-2.32023063879741,-2.32023063879741,-2.32023063879741,-2.32023063879741,-2.32023063879741,-2.32023063879741,-2.32023063879741,-2.32023063879741,-2.32023063879741,-2.32023063879741,-2.32023063879741,-2.32023063879741,-2.32023063879741,-2.32023063879741,-2.32023063879741,-2.32023063879741,-2.32023063879741,-2.32023063879741,-2.32023063879741,-2.32023063879741,-2.32023063879741,-2.32023063879741,-2.32023063879741,-2.32023063879741,-2.32023063879741,-2.32023063879741,-2.32023063879741,-2.32023063879741,-2.32023063879741,-2.32023063879741,-2.32023063879741,-2.32023063879741
-2.35540499027248,-2.32745807578121,-2.2999598772268,-2.27311059472237,-2.24708146968389,-2.22201815121992,-2.19804431093362,-2.17528498571897,-2.15384380855142,-2.13379813072778,-2.1152130373303,-2.09814320160414,-2.08263439981903,-2.06872468856717,-2.0564452563407,-2.04582097214524,-2.0368706657468,-2.02960718615773,-2.0240372958305,-2.02016146606112,-2.01797364263264,-2.01746104847878,-2.01860408167524,-2.02137635301868,-2.02573697067831,-2.03152607364984,-2.0386717146407,-2.04714550705043,-2.05691850921832,-2.06796120710294,-2.08024343077003,-2.09373419279982,-2.1084014396312,-2.12421170749838,-2.14112967220094,-2.15911757654285,-2.17813451159694,-2.19813551915212,-2.21907047406863,-2.24088269799453,-2.26350725105221,-2.28686884661317,-2.31087933728108,-2.33543472934881,-2.36041170116738,-2.38566363294334,-2.4110162095045,-2.4362605002384,-2.46110629700526,-2.48526019647603,-2.50839539988478,-2.5301432634518,-2.55010980866922,-2.56784989599912,-2.58301659745675,-2.59527471053318,-2.60424445370487,-2.6096137983937,-2.61116747597765,-2.60880640582056,-2.6025542036828,-2.59255099347733,-2.57903746008575,-2.56233306850344,-2.54281204594513,-2.52087991035144,-2.49695251396304,-2.4714388374947,-2.44472809220641,-2.41718109909027,-2.38914127348174,-2.360965675098
-2.23654114243958,-2.18611497278202,-2.13784912794721,-2.09197262201014,-2.04877757996653,-2.00825245971347,-1.97035670587926,-1.93503880606116,-1.90224317125657,-1.8719579292073,-1.84424538040807,-1.81908030733069,-1.79644347880809,-1.77632899599333,-1.75874658070619,-1.74371970910139,-1.7312827091826,-1.72147708329465,-1.71434552654885,-1.70992467124876,-1.70823739095557,-1.70928578340393,-1.71304600513992,-1.71931278784791,-1.72737923714122,-1.73711774467254,-1.74854683260212,-1.76168141501699,-1.77653320045423,-1.79311000980957,-1.81141407696617,-1.83143980190745,-1.85317161820235,-1.87658261229428,-1.90163434870784,-1.92827809414448,-1.95645736855133,-1.98611153520494,-2.0171866721729,-2.04980045391618,-2.08403895273428,-2.1199412686776,-2.15755580486377,-2.19693700274149,-2.23803048517337,-2.28066423011329,-2.32485662031502,-2.37059403945103,-2.41794240010752,-2.4669251179887,-2.51746546036367,-2.569305618292,-2.62212853775305,-2.6753573899867,-2.7279236770394,-2.77788821476991,-2.82115176045507,-2.84922578754769,-2.85743922796788,-2.8497649684444,-2.82901627459908,-2.79628793046124,-2.75327834238534,-2.70255626447211,-2.64683872202024,-2.58841637336336,-2.52899129708532,-2.46974671900227,-2.4114753256465,-2.35469353350938,-2.29972640145683,-2.24676707233198
-1.97178797803169,-1.91561975856225,-1.86258844172877,-1.81240895027319,-1.76517976144424,-1.72140946123415,-1.68094392548903,-1.64352626186676,-1.60890715931048,-1.57685929821308,-1.54738760508924,-1.5204880355872,-1.4960608754156,-1.47405843898232,-1.45449305665684,-1.43744366399405,-1.42305903135712,-1.41155411281866,-1.40319486006877,-1.39809651538411,-1.39588573534838,-1.39683845065549,-1.40119441092522,-1.40827928255556,-1.41724576721035,-1.42808434160725,-1.44078374143369,-1.45536395483529,-1.47188743314803,-1.49044827660678,-1.51114769481473,-1.5340659586688,-1.55923892840988,-1.5866437542356,-1.61619522866006,-1.6477520564438,-1.68113067820113,-1.71610697407413,-1.75246537041322,-1.79001995498144,-1.82861683798119,-1.8681457704285,-1.9085478741258,-1.94963075380889,-1.99187325867362,-2.035464939281,-2.0805742803384,-2.12763179416855,-2.17708168930668,-2.22932762808218,-2.28447250809885,-2.34264305872187,-2.40404584540588,-2.46837984072855,-2.53466006173181,-2.6009730810706,-2.66556449016314,-2.72573212269089,-2.78050449427622,-2.8316576689698,-2.87592835530379,-2.77923726637117,-2.68009790802557,-2.5845092563402,-2.49316606178123,-2.40652084272576,-2.3248816389626,-2.24810986087819,-2.17577043706872,-2.10767601958291,-2.04360273363829,-1.98329349363946
-1.61116295553431,-1.56378047298281,-1.51911085757801,-1.47688656212733,-1.43687263914303,-1.39950265994781,-1.36527244864356,-1.33368690352966,-1.30435738643165,-1.27709891653417,-1.25201305072745,-1.22844794632777,-1.20579502518935,-1.18257611419816,-1.15940002535329,-1.13787733170326,-1.11866384910306,-1.10156168515325,-1.08588128232609,-1.07273965748486,-1.06362581925605,-1.05996603234533,-1.06343699709141,-1.07363491501953,-1.08770351638171,-1.10321959940392,-1.11855423359051,-1.13349110179178,-1.15123607466815,-1.17175891603206,-1.19440334519862,-1.21921655724173,-1.24624222084405,-1.27546733062961,-1.30681848929457,-1.34014424123833,-1.37516832382239,-1.41161857140865,-1.44863528850803,-1.48621939037238,-1.52524554699877,-1.56522860311154,-1.6042559215709,-1.64113563331544,-1.67579572511171,-1.70844304190609,-1.74087223569924,-1.77386789917425,-1.80864133238888,-1.84697396720253,-1.88942039457123,-1.93593651540925,-1.98635976569617,-2.04000724655407,-2.09505222316158,-2.14878727577326,-2.19984249609353,-2.24486356187808,-2.27885087001141,-2.29583038412365,-2.29004964763593,-2.25945374841996,-2.20793050431817,-2.14270286319409,-2.07059174382561,-1.99646177100748,-1.92331665236496,-1.85319803729355,-1.787470714464,-1.72698620351995,-1.67186388362997,-1.6208777461883
-1.22306400244248,-1.19196624421331,-1.16250221447008,-1.13389732331872,-1.10682395775427,-1.08098932575861,-1.05677753055424,-1.03266011103795,-1.00915302628029,-0.986507181419375,-0.962426248267995,-0.936514015987002,-0.910486513691988,-0.885193526436813,-0.860435481348431,-0.834775998377388,-0.807537996887593,-0.777935076201194,-0.747433829846157,-0.718563135533909,-0.697336909182699,-0.689989626062266,-0.70011208949408,-0.723182150932168,-0.750584700661296,-0.778406011633594,-0.806700005515856,-0.834824376892813,-0.859133209497862,-0.878170891183363,-0.897269371180221,-0.919390247389785,-0.945626239445708,-0.975418028687429,-1.00784322690052,-1.04183963282092,-1.07598232960655,-1.10983384958684,-1.14318570850745,-1.17674998865305,-1.21019470721559,-1.24167330218219,-1.27102032525137,-1.29974771567219,-1.32477596340543,-1.34341632226224,-1.35676714261453,-1.37025749694927,-1.38623616572929,-1.4061230574869,-1.43200899983135,-1.46542498442202,-1.50606120573166,-1.55222168452647,-1.60068112373626,-1.64725811743545,-1.69022836935957,-1.7258274489966,-1.74983990607196,-1.75906646880168,-1.75178434278237,-1.72881975893452,-1.69181043964544,-1.64342570102163,-1.58728599062589,-1.52716315479465,-1.46674788387011,-1.40986384868513,-1.35803998138617,-1.31047536502592,-1.26745443732936,-1.22979697116376
-0.854750464585082,-0.832728419180988,-0.818824041171945,-0.809621152586957,-0.799132300169858,-0.782886338540989,-0.765764989944286,-0.748066792472688,-0.727875991744445,-0.703326692835478,-0.678368851472146,-0.654796536486319,-0.631031048711167,-0.60741874940037,-0.583754249021381,-0.557508477692611,-0.524439655558486,-0.483894861281382,-0.437445463892113,-0.384264220782697,-0.324848431497872,-0.278542882281437,-0.289797252724696,-0.354371489248571,-0.421430280369055,-0.469992608622681,-0.503740571016229,-0.527866249820089,-0.548635680069468,-0.576564093310584,-0.604097421634882,-0.630970488367802,-0.661942780057591,-0.695750340307118,-0.730803858705403,-0.766158557097356,-0.801553811252227,-0.833307428427087,-0.85961588444748,-0.880721885479475,-0.897786580071564,-0.915089262065539,-0.934081736464954,-0.951586146210628,-0.960558029394486,-0.968517219302669,-0.970320762328929,-0.966552391047349,-0.96299117316285,-0.963779591842475,-0.971563906150614,-0.990494029926291,-1.02363801997544,-1.07013112195569,-1.12421068737016,-1.17751283757307,-1.22581684669787,-1.26369155930088,-1.28709762913505,-1.29550826638702,-1.28842817587364,-1.26672408105123,-1.23236805448488,-1.18896228072572,-1.14328009471448,-1.09506524631289,-1.04546468154136,-0.997518227354102,-0.954529121753229,-0.918345926246527,-0.887476791901636,-0.859800018375302
-0.514132256186629,-0.492314987205561,-0.488462209319201,-0.493857565089972,-0.497003122862335,-0.493746392758168,-0.485293687709658,-0.477942047016513,-0.469426349066271,-0.46109039080053,-0.449688201975592,-0.434096110898396,-0.41744690338635,-0.397359440392833,-0.374559378943104,-0.346942651552153,-0.312910263473961,-0.275875922345551,-0.235634507338372,-0.188529671310274,-0.111644833232588,0.0938887169089931,0.277310173473309,-0.0419616069856729,-0.132869869538579,-0.168918000296785,-0.184901441072228,-0.218198935585445,-0.265811728897809,-0.30836753206936,-0.353147058492791,-0.393378920560536,-0.430017573531794,-0.468400672450488,-0.507265653735779,-0.545281181343528,-0.579195977601756,-0.605572938468701,-0.622356077077353,-0.627968439282303,-0.62697543876538,-0.622957909297553,-0.615505095813279,-0.609693209614969,-0.608285964765585,-0.609295064348342,-0.609943381657097,-0.601712621751829,-0.585305936883888,-0.564443519225539,-0.543534775374157,-0.537146524286925,-0.560599054965283,-0.615799874361214,-0.69025123981671,-0.763310561754097,-0.824821150235835,-0.868180067083798,-0.893977276936647,-0.902826387455662,-0.896164792097019,-0.87753683786973,-0.852229263253557,-0.815063898713514,-0.770864592474625,-0.723302155744588,-0.674003191597918,-0.625381360906826,-0.582627625421129,-0.55506558384204,-0.541644554722434,-0.519621380834568
-0.150782374357515,-0.144521652352367,-0.166183926716065,-0.188004065479971,-0.212561990380244,-0.237118050149355,-0.252578507723368,-0.262496889996453,-0.274067340963532,-0.281296559846441,-0.281950126655159,-0.279541538300047,-0.273416702843183,-0.261043372835213,-0.237718932144868,-0.202467223384281,-0.166975520248871,-0.133051234792166,-0.101113574203313,-0.0775841937414019,-0.0774266284766359,-0.100932217996544,0.116122435152145,0.20728672321743,0.142491384819008,0.138292161677133,0.137687235010791,0.101556165039827,0.0351878434842442,-0.0499512241182975,-0.124024619155123,-0.179168206351173,-0.215966232383527,-0.249884386371765,-0.287422161134519,-0.328303637799768,-0.370829370273717,-0.402948615883797,-0.401440468155211,-0.373882648650899,-0.344425320823473,-0.319126539478399,-0.29962231291543,-0.285029621055405,-0.2834304801105,-0.290630839624177,-0.298843651027536,-0.302433154385152,-0.29000290318408,-0.241626264486709,-0.161576877129671,-0.086480795690527,-0.0830013457781258,-0.173919069575218,-0.314694251454077,-0.433054248980967,-0.504382061774521,-0.545472953753646,-0.565453500300935,-0.567267854607621,-0.55851685162006,-0.538267083379149,-0.507504462966472,-0.470314175568098,-0.431879507505486,-0.396505911852596,-0.363920716283271,-0.316186142879288,-0.247469854720891,-0.176896762461781,-0.194237758161981,-0.160963673236518
0.311389748578247,0.177633837614379,0.104970419978202,0.0522338410111487,0.00318664940658764,-0.047317124954231,-0.0870541251311354,-0.11926749223193,-0.145243774770566,-0.166157183802674,-0.182125414852116,-0.19219414219833,-0.19565333196519,-0.188598044801701,-0.164548577451075,-0.129863696646775,-0.0844558103015314,-0.0319912484317663,0.0271305471728686,0.10213094098716,0.191793127713532,0.303480156279866,0.434941953956728,0.529808379459543,0.558259829035325,0.539638198282606,0.487527177645478,0.410477685164608,0.316317998581622,0.21356103202162,0.112418771954816,0.0371457435000708,-1.70231583845361e-05,-0.0201002577676742,-0.0493761460693639,-0.0795041640043968,-0.124500571253719,-0.210278930359431,-0.181140851204068,-0.0796863361841526,-0.0233823757708289,0.00978075832326316,0.0300671524085904,0.0319163859905162,0.0173252753620948,-0.016020244266036,-0.0506866353669952,-0.0686752855349258,-0.075954697810729,-0.0569053774130126,0.0234348953533703,0.226049182531667,0.258965923524334,0.081301788948849,-0.108193157801226,-0.238080352850575,-0.284366492820346,-0.309205725234122,-0.31734014505209,-0.316524039791059,-0.29958605103279,-0.269291246372486,-0.227730330992451,-0.17921366483633,-0.133839423051184,-0.110132535789862,-0.113120832356923,-0.113440193148576,-0.049413125699685,0.211050849686752,0.442641886641504,0.349242944341264
0.356255045627699,0.292802365025619,0.229564972135237,0.173936645782645,0.118523205564088,0.061144638431444,0.00454917914724662,-0.046786926273279,-0.0852216023164727,-0.118869171579055,-0.149725463644053,-0.172092722782808,-0.184723725837135,-0.18182146386503,-0.162440042084797,-0.125289080814079,-0.070292903542252,0.010637023147919,0.129034404708781,0.278288048043561,0.444621986930565,0.623493172670038,0.795899524581223,0.923719217591728,0.961421251108105,0.901453692475063,0.795513563077728,0.67303583556658,0.550599297938589,0.429406561929528,0.318722489986874,0.2240025027678,0.171023195185823,0.16385687563104,0.170779199937937,0.191507710136763,0.228430758918866,0.298525652653939,0.271895703519475,0.29787943916871,0.321506403645537,0.337696061196452,0.337596358684311,0.31593672842415,0.279545536714162,0.246557941560066,0.178666062449351,0.0935307696601913,0.0156538933423992,-0.050285613291268,-0.124812336720774,-0.154803416381921,-0.0228922369730385,-0.0114279144730765,-0.0634982058308182,-0.113479273883296,-0.140632121149436,-0.150021996821244,-0.151237903026579,-0.136535221695291,-0.110417506131576,-0.0726664389849121,-0.0225992286272061,0.039870315929555,0.108229466199205,0.133113110493973,0.0559060920650578,-0.0344367749447653,-0.102898187836416,0.0992576829579677,0.351996911841992,0.366020105456511
0.263864578059436,0.257331360479437,0.223896376913708,0.180108107284332,0.134223214819682,0.0873511207286257,0.0238030244282426,-0.0396190304183789,-0.0921524060325805,-0.137683700048683,-0.182640410587524,-0.218268559386582,-0.240808939604137,-0.248175416440035,-0.236204356078677,-0.199361555944035,-0.130607618756348,-0.00845458957098039,0.163874388090985,0.358965096145767,0.574929779870824,0.808067603733885,1.05024195953697,1.25479175816161,1.31018738537102,1.15320011661926,0.984431617632241,0.82463315549162,0.675088564887408,0.538161882868475,0.421305336316691,0.325910384226645,0.271841480177465,0.277407600292368,0.322289873273077,0.394135189158666,0.484346959870634,0.566168236207406,0.612845676937272,0.634937635453035,0.64191832532659,0.630609554085464,0.602181993867603,0.578053335685796,0.519875742421063,0.442453278470176,0.340453756890504,0.215815987294221,0.0841095637920966,-0.0473783914959115,-0.191844096731962,-0.301624231545071,-0.210941958557702,-0.134872091723999,-0.111353770503842,-0.108415944248939,-0.105763914522689,-0.100887445602297,-0.0816982129439227,-0.0487019197833032,-0.00657183947320034,0.0426471177839362,0.0953948619781662,0.15094161253075,0.212124159778161,0.238852829673696,0.090133713291892,-0.0129196590391786,-0.0349485649374413,0.0520574937690095,0.184344899058758,0.258630048717927
0.160847341053114,0.168106799545111,0.147342069769307,0.111207149863601,0.0712782296798943,0.0337070199372497,-0.0275088333934938,-0.0963591450338756,-0.161096079285754,-0.219238430287678,-0.27721467437595,-0.329490072442621,-0.371853809695173,-0.397295028613894,-0.397379025821247,-0.360660841782877,-0.261658994361999,-0.095285677714393,0.104090072440745,0.323470137525024,0.571187845202587,0.820295553058533,1.07082122214818,1.29889270927595,1.29820806675148,1.16872841292639,1.00107961048302,0.837238235041365,0.681261477606668,0.542644291246957,0.426524797562541,0.338788992925358,0.290228356580259,0.316070576986918,0.395038567791607,0.503916057644266,0.632414483535109,0.762651268432903,0.861872415160534,0.912873498900455,0.925767775850484,0.905700564010171,0.86077698873733,0.788412785010749,0.697884464800254,0.597776688552633,0.477597584310504,0.333888658764816,0.175393695186104,0.022016997844108,-0.111520870063091,-0.183651995938155,-0.194372172434576,-0.173687218514167,-0.148920321284381,-0.13042620457029,-0.120168874110196,-0.0977422431692172,-0.0652616720924196,-0.0255303504672601,0.0182024866235816,0.0657006166968989,0.113946655306036,0.151616378397033,0.149224952838333,0.0691453313858034,-0.0589221632066465,-0.0759934810145056,-0.052364416174454,0.00676096192682299,0.0945735171771183,0.154263106670977
0.0657926208687661,0.0604830853658718,0.0371708437746018,0.00466003663308651,-0.0354992150351189,-0.0777978764467848,-0.143681366017339,-0.212890579414987,-0.287379351641824,-0.365077594533777,-0.446739938616385,-0.525174480575551,-0.585292776022796,-0.618351833548837,-0.616828577778294,-0.558444786023825,-0.417091828559596,-0.227550876383867,-0.00490468638720698,0.237789748573654,0.49248899646736,0.718928808015587,0.900156054854579,1.03585219964454,1.09472218837743,1.03578151266346,0.917251296782337,0.775969949992007,0.630854482587319,0.49376259675404,0.375978698044657,0.292080123753759,0.247164358786344,0.285435659493227,0.384395142179133,0.532198959562402,0.714288934973075,0.907758008208708,1.07115181678377,1.14616028302286,1.1491330614935,1.09533767783041,0.998056480715027,0.884252055162558,0.777877903973919,0.665529193959319,0.540691775481728,0.394968127517519,0.226745428915014,0.0683216380836353,-0.0486720811788723,-0.108794285009021,-0.128452800618814,-0.147950155296347,-0.149792653094197,-0.149510998857871,-0.139741148086004,-0.113688338177322,-0.0711317985468364,-0.0254023866171714,0.0147539410945529,0.0502357663213371,0.0816845223114295,0.101047254100123,0.0826379826825641,-0.00292862058325059,-0.114553324336936,-0.115346219669673,-0.0867348825978525,-0.0298367205400179,0.0269149420397421,0.0625200166422337
-0.038482389294693,-0.0592300390622459,-0.0890064864321096,-0.128305669124305,-0.173090562197328,-0.218369852270531,-0.298539732263034,-0.383440559356958,-0.473604572470503,-0.558149219418877,-0.634862327140317,-0.712789973635849,-0.772384755530164,-0.807150680581878,-0.803619623239352,-0.718423998947515,-0.564631840611625,-0.355813355342483,-0.106121708922718,0.16047027151175,0.417311170742114,0.620243240387103,0.764011625787201,0.85055918388282,0.912003755769665,0.889245747782314,0.808055682519593,0.691161790024877,0.560314386153335,0.42933331482294,0.312155047546629,0.22827293824348,0.182724726026925,0.213745099319221,0.341940486291246,0.553534364507285,0.808847969383031,1.07288726112726,1.30347872468088,1.35623690410961,1.27947344515225,1.17714747289619,1.05306382719826,0.917213264845564,0.787537399883919,0.666896224979726,0.539397114775058,0.372860565143897,0.200718420293858,0.0553848414140181,-0.0428662090216141,-0.0860060839769721,-0.0905694451754824,-0.0859262415472963,-0.123514259095371,-0.157544980864171,-0.16725817944014,-0.146027513443199,-0.095793495123199,-0.0388501762646404,-0.00619817422586838,0.021644555163624,0.049817918403007,0.068534286066442,0.0632318928484435,0.0105978746859371,-0.0613309478524474,-0.106184456693987,-0.0968447424825667,-0.0685192040203755,-0.0439188451007965,-0.0372505769247989
-0.171743701843275,-0.201407992164181,-0.234772008972104,-0.276979014895381,-0.323912725014523,-0.377779764502914,-0.459151564734192,-0.555408325258151,-0.632468875720407,-0.698039491451188,-0.765802610809685,-0.837009391518304,-0.896380499918576,-0.937354682053307,-0.923891933811635,-0.846044961594902,-0.689554911167395,-0.462427508093614,-0.181890586597451,0.119921933782562,0.386914605469348,0.588609668506958,0.720865136954162,0.792592259059433,0.808714584955908,0.777636194150654,0.709599623617216,0.613127235871745,0.499059043305664,0.376610617959338,0.259520423330466,0.170528887580977,0.106229435482787,0.162742737901849,0.346792723394894,0.608356247283583,0.898702335621708,1.14870991252601,1.36024925301233,1.40125498667849,1.31631626762429,1.20208331891746,1.06913729954886,0.920593187473723,0.770270187872917,0.628839862778004,0.477833814903608,0.311774465185597,0.155188182951411,0.0168557067937609,-0.0725465236449346,-0.10884124136837,-0.10268887484108,-0.0816068010473077,-0.0729995132853502,-0.122114113450563,-0.175376259079887,-0.18776529838691,-0.150426821530373,-0.0831642741869099,-0.0521118229800539,-0.0134602090198766,0.0301726390817218,0.0610132801590702,0.063218753659583,0.0149263640050006,-0.0578411586230973,-0.107771487554346,-0.13789968856977,-0.146534245457819,-0.153539986985641,-0.167786573990072
-0.351381520109693,-0.392477272453978,-0.433317582139615,-0.479744551413777,-0.523630700448928,-0.58349075421225,-0.662655365706935,-0.720412052168144,-0.766847430396964,-0.813298862650974,-0.861377190066325,-0.905022462301137,-0.950828095289299,-0.977544191559171,-0.98583695829256,-0.934021376341549,-0.789216900887273,-0.560585459485926,-0.249138402005022,0.121993154920661,0.40492881857858,0.587249961187987,0.696106444439775,0.750322917593313,0.751629516039324,0.712509192695752,0.643648155970113,0.563237749811815,0.460411791354038,0.34805926134203,0.232172185390975,0.155202813321887,0.106195985800432,0.128463857686152,0.323324271297038,0.619330188153719,0.907642034567479,1.14975388735275,1.30401064437827,1.34242866155751,1.2854579013518,1.18568969416617,1.05687648994676,0.908138013807368,0.76319041843395,0.597700439050771,0.422399001957774,0.240552727148988,0.0800331575785905,-0.0313551314548846,-0.104303707480538,-0.154470435343131,-0.146639645046764,-0.109061737304904,-0.0739774842030037,-0.0798170770048341,-0.147800749567059,-0.221922721590994,-0.235867684747444,-0.183247134234128,-0.108609296206968,-0.0397744298086569,0.0119860170254299,0.0363863496749573,0.0237047888251834,-0.0296186458917218,-0.105920740015896,-0.175421819664183,-0.233226427676234,-0.279971089211519,-0.313655758392014,-0.344531420214388
-0.587189472875019,-0.6457057625586,-0.687288769726048,-0.732364320914789,-0.78685756888393,-0.830224100359456,-0.85470179682947,-0.865630167331599,-0.879076015620175,-0.889141183232545,-0.929360336244949,-0.958077594508566,-0.963202163670686,-0.969401797355143,-0.982209303229422,-0.973981012021389,-0.847073540525493,-0.649359161090601,-0.377557404310669,0.207774823295167,0.451418538332242,0.590842020293021,0.678810993971873,0.72076440142529,0.720036958723289,0.689255048759118,0.628302822110662,0.549468309753179,0.453242667586108,0.344470356886986,0.284472121356347,0.212880703748254,0.123767899907883,0.0415403740963576,0.259765152843969,0.608675380036332,0.908140722855622,1.14869355637394,1.29668730666011,1.32162501822884,1.25823335662429,1.14531317627637,1.00758811867952,0.860596263011353,0.715022614916568,0.559485209239028,0.404735071459413,0.228989415724101,0.0572246053853042,-0.0696857258369901,-0.142810356288065,-0.160705578028267,-0.172553468141144,-0.134013983576106,-0.0944211487706907,-0.0749565163364745,-0.115713055336211,-0.218379985326398,-0.307006831399546,-0.245181024960329,-0.145538033623916,-0.0685474573284804,-0.0202311849731761,-0.00561440245156678,-0.026000209918901,-0.0821211551078419,-0.165705698231653,-0.277917117536614,-0.371828816115491,-0.429546607132806,-0.497778515026975,-0.573232994495511
-0.822546699914048,-0.861172714848665,-0.883302104321202,-0.932849906048173,-0.982072853884149,-0.988696284843596,-0.943814525269403,-0.8997248901003,-0.866921528304874,-0.868870676992386,-0.873345695621871,-0.894568873373799,-0.887071429171558,-0.880995994802094,-0.885017774940901,-0.854518116034422,-0.758613590393695,-0.617611837761396,-0.555119559760266,0.0580231979219898,0.423825146406724,0.582649582661115,0.67346265759017,0.71579497459975,0.720071913483505,0.700284162935759,0.671308944577237,0.592521018438041,0.46154875142094,0.387433647432459,0.338592357952861,0.274405039311018,0.284520731539756,0.226880587211974,0.415447972785038,0.712283615156747,1.00076639969212,1.23397766748182,1.37213192861227,1.38709073440368,1.28919106034069,1.14136770294252,0.984508281767129,0.831834109678361,0.677270706770115,0.524885080772472,0.376543171400832,0.229709146816193,0.0888797272239303,-0.039931692104781,-0.12029543756928,-0.141158965632083,-0.109212682888572,-0.0868272816598897,-0.0612706459828324,-0.0466860375236531,-0.0595568524947702,-0.119849199713658,-0.217727836542205,-0.198984417529289,-0.12747026189862,-0.06521337286712,-0.0267824596922897,-0.0221942782358606,-0.0521692217934465,-0.11071174044782,-0.197806455043122,-0.324489948750588,-0.499052339300517,-0.575570863873368,-0.68374171859024,-0.800008587498595
-0.888454199414838,-0.936682133951246,-0.974862802801787,-1.02355563152184,-1.04552141484883,-0.978340373683805,-0.905627585807058,-0.832526274042099,-0.778880449101782,-0.745977951583745,-0.712591544012774,-0.685001822475047,-0.656419421853585,-0.632519578148886,-0.577427020805266,-0.602401208737623,-0.565057263400168,-0.504194834052824,-0.378570214300622,-0.00182460522636506,0.385295942704421,0.587390662335101,0.697239541924457,0.744426035450989,0.760311115631689,0.747165115271297,0.717539281389861,0.715627356892089,0.533986435615577,0.340549087038341,0.386829005275579,0.437074578590526,0.496260439775913,0.521262163955115,0.66834557190694,0.910452328082875,1.18457642793678,1.41054917549462,1.51964045906026,1.50157937989091,1.36670708781233,1.17387194272059,0.986709377294331,0.812633512440188,0.667174354934098,0.538962686405432,0.397428701181805,0.246871708289216,0.123461639369473,0.0416385691703526,-0.0154207054891342,-0.0360114087698676,-0.0102601510605356,0.0440130843367107,0.0605085884050454,0.0546927584505556,0.0604043230108511,0.0487220088543394,0.0204206171519176,-0.0129524604576832,-0.0160018706787221,0.00484296140168454,0.0175432125206964,0.00410439244664747,-0.0429190951291781,-0.112171379394592,-0.212047088898,-0.35158992202785,-0.521411230473645,-0.646866490968387,-0.764441563644601,-0.872713651724814
-0.847876575361158,-0.912014580823022,-0.960517876383767,-0.978685450073275,-0.947273832897244,-0.853549238007078,-0.768626330487732,-0.687315432866411,-0.615362527152723,-0.533779611694516,-0.457282143851774,-0.402476626167208,-0.364859299132249,-0.321324140159252,-0.28139907015439,-0.284105844281448,-0.258654041770897,-0.193380504730025,-0.0700830922543668,0.157660608628856,0.446241389042365,0.636621588295054,0.737667093609846,0.784954683147126,0.785692465891487,0.736412233775683,0.678693444227521,0.661934326849031,0.548294604790877,0.431550168220451,0.44135925236498,0.548118526028285,0.648020933605558,0.745550677292007,0.895604586906293,1.11773977390827,1.38763409995634,1.64352787531914,1.68767878946157,1.6385687095153,1.44060320532153,1.21712242489184,0.992718425759445,0.799522909140563,0.677252666776745,0.598651442626861,0.456364319716838,0.311042250049351,0.206146537258435,0.163132934672081,0.15375500405016,0.158185544634898,0.177767472916365,0.209484888368963,0.254972274752944,0.259643300799642,0.239270114902207,0.238360577795016,0.2458500629567,0.23969660804971,0.189382389017613,0.144664285473371,0.111083489459477,0.065366274520824,0.00209422054543402,-0.097688085032367,-0.218947319417105,-0.351598468865663,-0.490771522724498,-0.620473506226602,-0.736581360012407,-0.832825725060733
-0.738574535039544,-0.817172785832441,-0.844707168232591,-0.82960740587994,-0.76223082997941,-0.653333141201657,-0.5654041450373,-0.473906244937771,-0.360363964932796,-0.248974827234887,-0.150705923777029,-0.072340120829778,-0.00907572362272008,0.0292129460457314,0.058835299099673,0.0943583351460486,0.137560635114351,0.195453186560803,0.278094936296737,0.406561668915082,0.574455927079856,0.706270639982449,0.780278886334881,0.78756633825223,0.734410774502879,0.662318179698124,0.633426160063418,0.564766325862533,0.483736336758145,0.437439187610918,0.475429978609346,0.608683052707625,0.767173323464726,0.877435987759981,1.02387533149975,1.23726997434672,1.47517310808686,1.6701644759952,1.68538222444208,1.66039930199174,1.4617688186769,1.22373753776074,0.982896755387044,0.769044380542096,0.66165383027949,0.626901283992414,0.516208068596203,0.415248411603401,0.35953305943753,0.358038455456261,0.384288688836353,0.425668977460146,0.459455682083492,0.463603269132426,0.484568380301215,0.506956702665692,0.48365987808417,0.466875926457856,0.47972611849333,0.486575269387749,0.456127837860091,0.358841214044902,0.261426104662888,0.169808575271259,0.0670053091941628,-0.0417133154336513,-0.159717201807418,-0.284310292540207,-0.406954751855026,-0.52209371519505,-0.624810113049148,-0.720370234439719
-0.569234472391622,-0.643998856442473,-0.653732375911109,-0.60967348926188,-0.523035291116368,-0.405442072958394,-0.304284722442503,-0.184938739106493,-0.0545625225949237,0.0749114087652107,0.193580366523198,0.292756365246058,0.369589000492249,0.421158703168364,0.444909535322839,0.474688244078706,0.510222271410268,0.546694323052007,0.583235689848478,0.636013355701936,0.719010962119595,0.795250116552539,0.796012409687458,0.719028437022327,0.627084958895768,0.577230681025542,0.502778957131066,0.427081147854184,0.385570781808303,0.390706881743755,0.448176899634498,0.54447879911764,0.772975825669183,0.839451884940779,1.01675972492557,1.2435818024191,1.45397755715816,1.59783815417418,1.64487408213644,1.59392468796712,1.42581261017216,1.18366379683586,0.909328415978364,0.698498103547322,0.625880218438874,0.610885510338407,0.598621102066072,0.589554350825262,0.603679591888496,0.641474055107923,0.698572351429015,0.760899221898615,0.806480781368914,0.819335176064594,0.791026408121142,0.749533214895421,0.753216930615779,0.760196220915897,0.765737906810914,0.756982967773987,0.705845320164988,0.607239464638156,0.47074282800748,0.336702862384375,0.204884684330877,0.0762404006541052,-0.0444796823018123,-0.159597540915255,-0.266278476594045,-0.358924975673409,-0.44666767595846,-0.548458698096961
-0.322818426724282,-0.390838953877203,-0.389159396924632,-0.332647521923251,-0.244063027764835,-0.123544068038614,-0.00394263737375333,0.127908439780156,0.270535045318021,0.410194066642691,0.534690322719248,0.637189601545826,0.715981807238904,0.770946018478543,0.81715748374497,0.859336499055094,0.889352642592746,0.891583381868307,0.864022468322897,0.846885617205314,0.86049247035008,0.852535067494887,0.763805529218309,0.631456465865714,0.535101885873966,0.424060548415778,0.343968362407587,0.294759859145667,0.291458420541058,0.333888299496136,0.368932468674175,0.378627139199924,0.363510186895371,0.557307500958072,0.911810541441626,1.1798894340428,1.38358228756222,1.52289411594248,1.57894907708986,1.53601441545161,1.39677713535222,1.16814335806225,0.841075943242001,0.625157570308523,0.605381805638364,0.624381496407377,0.711208653034704,0.828991292666027,0.943367335259375,1.02553147945603,1.10412765058926,1.17052958661477,1.21761942258674,1.2241445435655,1.18672210462568,1.08096485527803,0.99823128211093,1.09870062223294,1.13045811287317,1.07017309409614,0.98841114542392,0.870277686021718,0.708405304403305,0.54344501589602,0.395934238215156,0.257793718186126,0.13369602481295,0.0316498301728651,-0.052161873311855,-0.126032536520992,-0.207888344871977,-0.304923098197494
-0.0185954473050733,-0.0907887545824827,-0.106972161299126,-0.0599421141010595,0.0299478631693394,0.156319195956572,0.28191222753258,0.410197554684283,0.554782296669667,0.699899458215723,0.830935925673233,0.939098371962815,1.01770196270857,1.07168288517354,1.12707963746791,1.21391274861615,1.27252647338738,1.23478100884951,1.14276082683518,1.04743611410389,0.9644196642457,0.893839529027993,0.71349936431299,0.559000840198401,0.406027327178357,0.279275789655025,0.189685562835623,0.16977281531435,0.213615960945754,0.264503839660416,0.292620587088145,0.304454947209705,0.325585850297917,0.545404878879951,0.878077364766213,1.10393224740991,1.29198624661313,1.43434115006242,1.51352933104449,1.50387073525471,1.41106351399167,1.25136271695661,1.07730059844282,0.849150796318426,0.622915726074009,0.574437469857963,0.758849120147501,1.05575106596365,1.30230761749372,1.44869661757253,1.54825308844106,1.60997195678418,1.64604550856442,1.65756019596562,1.64413485021753,1.57191484263898,1.41274487616419,1.56422147488616,1.60270216501768,1.48938943002232,1.33321964242261,1.16633099574081,0.978456542708616,0.770243077732616,0.584775580018697,0.432359470852288,0.315440151258878,0.244915338331633,0.202621777072595,0.155205313839532,0.0881529377145837,0.000131102829323465
0.236289252868978,0.157055592560426,0.127787180999889,0.164417533637588,0.249558029516384,0.367891730123091,0.496815137743942,0.626835600216965,0.775524182267867,0.933426336208508,1.07992681400515,1.20160278028904,1.28539338135104,1.32476681725207,1.34576894776895,1.50932477512105,1.66442717335978,1.59440324662712,1.39770544214779,1.17600576631879,0.971585814456428,0.786797670074781,0.615231518631745,0.420843032107913,0.253365936572396,0.132694203428874,0.0757552627744087,0.0889373209357056,0.140280645007508,0.190650012360097,0.226151517908937,0.268022111021944,0.371800700558452,0.567815755809009,0.800724071727101,1.00199793818105,1.17439922778062,1.32985191306371,1.45233992131609,1.50231088790055,1.44382043481374,1.31353022693863,1.17720565612196,0.947144695843639,0.610406930085965,0.382831996849988,0.750843961058066,1.32886905798314,1.65886894917343,1.80898934480077,1.88332026920095,1.92830904279328,1.96487970931798,2.00198097439136,2.05551290030556,2.13865525111314,2.26342625457408,2.20019168683097,2.0967587637657,1.9142586473408,1.69914519376437,1.48441116256385,1.26133828164558,1.02239215547361,0.787787629250717,0.600594068153556,0.470146605040971,0.42275391481762,0.430651428885775,0.381344205508269,0.374659414883334,0.259525818822636
0.31161594038339,0.282794816158075,0.286689090682293,0.320005738273357,0.39290566269932,0.499895622074015,0.628749069677687,0.770600824898721,0.929449554708604,1.10452278952741,1.27690475861718,1.42897308029377,1.53616472746729,1.58063927533269,1.61592655655341,1.87931195295325,2.13223024505534,1.82711664828505,1.49837528593654,1.17411086409833,0.890657084193237,0.660594022503914,0.442910541403555,0.241721942241554,0.0815214529280816,-0.0169726554897547,-0.0348835932830637,0.00118964222157885,0.0514262846022728,0.117018477882577,0.129254404058455,0.168325285603403,0.289987958283325,0.476618530340604,0.678056696629509,0.825999507538528,0.961793698639075,1.13099679569265,1.3474856180462,1.52554951906129,1.43660161429677,1.24289142382713,1.18755225354035,1.08707869508574,0.854115707915572,0.583610464767131,0.955884549829446,1.51919261260611,1.86188470991856,2.03858668507444,2.0808936594642,2.09810211206618,2.15471412827035,2.219113146748,2.27758842758519,2.3529553394278,2.47927833443447,2.43719034528087,2.29629887117063,2.13575217481888,1.99479283984071,1.79761381603566,1.50659315425881,1.23047193343105,0.966654461498146,0.730561784435846,0.546266958855061,0.441312266555952,0.455358363926515,0.394141490412144,0.360340098780717,0.3201778168283
0.296552707592724,0.351180370131942,0.397909896205918,0.437992920388497,0.488433694683771,0.562692656845844,0.675773371538741,0.830138705494059,1.01413642394594,1.21113235188686,1.40606466648205,1.59190161665565,1.76129621622431,1.78880830415926,1.83375385859286,1.92131660591784,1.90066816483526,1.65653551002655,1.32137809048962,0.998741680514671,0.699515650594871,0.438152215869902,0.211098535284498,0.00303930922138542,-0.140467105624859,-0.200280459932213,-0.193704501202487,-0.171156472986836,-0.133313956286535,-0.0861455032850985,-0.0408493668634541,0.0160446086749927,0.123723089196889,0.282196469417323,0.461492376453244,0.521958052452877,0.557255502341468,0.684716152767797,1.01196529441971,1.48577730414193,1.22963858709767,0.724990717278922,1.24184124270347,1.39810614387701,1.43594014204366,1.37064726912474,1.45293933137556,1.68206994099707,1.90978316060947,2.07964390313229,2.14887012066693,2.18986206047615,2.33267569693375,2.37826002041004,2.40785865530061,2.44607184778791,2.47392270966669,2.44242246288962,2.35323878031378,2.2394253994292,2.11397467191514,1.93972619248292,1.68412081955123,1.3855246283073,1.09588356093461,0.821278898118077,0.592770283322113,0.430621083868541,0.298145145907303,0.206448673256558,0.224622135182764,0.284411721468291
0.331987767048206,0.453443528674686,0.541577945893536,0.592866339661346,0.607712312593182,0.60452970333178,0.640475403886562,0.813855834453099,1.06908745005086,1.30031310061965,1.4908004961454,1.64243673013794,1.74324093367953,1.76437191913949,1.73339225059147,1.66118970943106,1.51021384567233,1.270253133992,0.976889639287747,0.649093571874214,0.3362163877504,0.108190514876471,-0.0700673134107602,-0.339049163284391,-0.402005314310516,-0.416944930176798,-0.419332409961696,-0.407527510135355,-0.376162399176231,-0.327893959574554,-0.267749865609659,-0.188897212780801,-0.0857099473270855,0.0292135373952656,0.13459367777451,0.201390636820774,0.135613702399076,-0.102224827566337,0.287659233863585,0.611471470856016,0.642287339409866,0.724930528900439,1.17012932467035,1.50788419328925,1.65763461695663,1.69372506649398,1.7253669388873,1.81541511665364,1.93578423070055,2.05336496643804,2.14444150077944,2.22026061327065,2.29834099063163,2.35303982347877,2.38276452761514,2.39518216312061,2.38995662800863,2.35701921122019,2.28904804322497,2.19019994368309,2.06068795320422,1.89287504405375,1.69568874885365,1.47403480752506,1.22192743402572,0.949072699741462,0.675236916434202,0.405707545807197,0.119524618862577,-0.0522092430106128,0.14087619095444,0.303842303976883
0.59247726331519,0.728538892115584,0.847949515360135,0.950526293081045,0.985616551028577,0.929214586823221,0.77650078064594,1.02334674367426,1.31992267581463,1.50366940239196,1.59973130069779,1.63876171012655,1.63019541933449,1.57501798001959,1.47445147729648,1.32689758427841,1.12847496644403,0.879566148259414,0.592772956593954,0.285663948157359,-0.0132928984163693,-0.22153459460524,-0.378052727024841,-0.512178779230298,-0.593104183466493,-0.641110765828845,-0.667388931209981,-0.666540325844357,-0.64009749009642,-0.59288385662994,-0.5278677658553,-0.440044109576327,-0.338619834305222,-0.22917833552105,-0.127893159178814,-0.0580760854797787,-0.0677178310138473,-0.132045515055105,-0.0835716754518838,0.29210599961357,0.651223620005584,0.949307338081649,1.26621912922434,1.53633336787915,1.64154803310052,1.70923165564724,1.76689812036968,1.8344733393363,1.91519018747242,1.99968090378569,2.07065747519505,2.12620478902754,2.16960173582877,2.21321841924635,2.24135070951535,2.24726186228472,2.2312102872545,2.19468014913501,2.1339392994153,2.04865105026303,1.93707531093098,1.79670051906048,1.63609116131617,1.46229148278212,1.2730303735874,1.07259603621838,0.853035309811299,0.625636708009406,0.437125286996046,0.36744286343885,0.435542904884537,0.564829121303675
0.979347364881921,1.12692986666641,1.29995859612198,1.4869817956599,1.66872555233016,1.77956150076177,1.91100811755909,1.95274385351445,1.88116719079004,1.78809791960662,1.69949026773304,1.59883164553568,1.47924989116437,1.34001141420885,1.17834748993986,0.986203215504764,0.762894403347397,0.52225628863359,0.271703303806827,0.0209864883446501,-0.212285979167955,-0.41396625916452,-0.578810235923451,-0.71556042879863,-0.822683773769051,-0.898712907877282,-0.93690192816829,-0.944424924629589,-0.926106961172604,-0.88078420971343,-0.806544054284822,-0.712942585350552,-0.600405708278026,-0.474031256913403,-0.338515003229503,-0.19384243420101,-0.0284478190177925,0.198893063666882,0.597783834617558,0.783870401481319,0.860846892305207,1.00709948031828,1.17693936862368,1.33519973817873,1.45455166195164,1.54393907331744,1.6187560306077,1.6882121632033,1.75624704690203,1.82532071871351,1.88780980344732,1.93833424492583,1.97667568009072,2.00376942399627,2.02125841666039,2.02381613447523,2.0080290006358,1.97390749993103,1.92315513125998,1.85463259847549,1.76683067258549,1.6592349057596,1.53553971006403,1.40637453513818,1.27516423504622,1.14331948326996,1.01900556943676,0.913524553596752,0.842974737550666,0.817910822464825,0.854437371762456,0.954171426460288
1.24599113689897,1.37845012618938,1.54793430517456,1.73463602318632,1.88112234454437,2.0278006305332,2.18517344971056,2.12083286152093,1.9403689647876,1.75281830966109,1.57160929288896,1.39953134731133,1.22981872455665,1.05565901938082,0.867771754755897,0.662375991781278,0.444170567400078,0.220758900518126,-0.000856986395981044,-0.215697324260368,-0.421831259673126,-0.618537041959725,-0.797607876691928,-0.952884729013526,-1.08073350143667,-1.18281740320577,-1.25362246141414,-1.28739236892817,-1.27783329460009,-1.22689789153875,-1.14304176455402,-1.02968226386246,-0.891160208526515,-0.73044489696569,-0.549092939624899,-0.343995988966381,-0.115839100580255,0.127818584991003,0.363878622199113,0.550463078357669,0.687388143777617,0.806868379782564,0.924113366930272,1.03804793834962,1.14492923466515,1.24081265094849,1.32568194674445,1.40267427395195,1.47445939941358,1.54237952320387,1.60329886996259,1.65306211693144,1.69023643517947,1.71314836977599,1.72553655732636,1.72765867483115,1.71839889615653,1.69563837042122,1.65894026412555,1.60948434580446,1.54969687139168,1.47902416724419,1.39913229673785,1.3164000574831,1.23861350700854,1.17024926960385,1.11397515933328,1.07598505967575,1.06369321531557,1.08281367882487,1.13634776100164,1.2245391942251
1.24637229360253,1.31930869168913,1.39653123505133,1.46704767343449,1.51821438941889,1.53710670565421,1.51702211139796,1.48421520822257,1.41282951769027,1.30390334487066,1.17306329307209,1.02916869068357,0.876259997387537,0.712796488693595,0.538732179233344,0.354486647699393,0.162053246033257,-0.0357562707382711,-0.237320976459961,-0.44000864239238,-0.637340294790788,-0.826079443713188,-1.00431847965423,-1.17160811365449,-1.32833009831289,-1.46950053444796,-1.5854022719633,-1.66239572949665,-1.68085175399352,-1.6214240615454,-1.50191362954816,-1.34980213808249,-1.1780318970651,-0.991108149948765,-0.792770361690176,-0.58951462231169,-0.385280625058037,-0.186868573192824,-0.000792888518924201,0.1682258086224,0.318204317937308,0.450979381362696,0.570602308119504,0.679713636603055,0.780355638086803,0.873822226667673,0.960653515572975,1.04136049810396,1.11632811323282,1.18596994205881,1.24897341653724,1.30085829990699,1.33969722619245,1.36676816762011,1.38213353495499,1.38897617225543,1.38857763117227,1.3808251416502,1.36537666018372,1.34187704514652,1.31028165587416,1.27236740320925,1.23064532828105,1.1878468146856,1.14883132899877,1.11880659025993,1.10055168773792,1.09630341994053,1.10639120333706,1.13227049821647,1.17467348141199,1.23314946206009
1.0364751347934,1.0565504834493,1.07254733760742,1.08069314423149,1.07736588482584,1.0596921042464,1.02586106190025,0.974918031005116,0.906771938801182,0.821892786256325,0.721959746380569,0.609058274491347,0.484592623122447,0.349579687522716,0.204902432883708,0.0512242781105954,-0.108620368330879,-0.271696460682775,-0.436624215980713,-0.602056524344821,-0.766672776307181,-0.92946398562476,-1.09103974459757,-1.25079635697138,-1.40756691520362,-1.5591818509577,-1.70302828649236,-1.8312798434534,-1.81482657660878,-1.71716284875362,-1.58242660942152,-1.42838763067767,-1.26496494624643,-1.09830440491481,-0.930877443671598,-0.764780815470367,-0.60202215674544,-0.444529610991906,-0.294027880844411,-0.151828154038638,-0.0186756954712442,0.105269377086904,0.220308656440331,0.32701219800278,0.42604311513754,0.518044383106333,0.60358420623107,0.683131163983155,0.756828047642278,0.824976032802403,0.886166000858104,0.937621807270038,0.979395713801164,1.01213740365068,1.03658788455352,1.05304521228781,1.06221508808462,1.06624186116686,1.06563580678706,1.06036207444153,1.05107877857105,1.03877656805452,1.02448249433271,1.00947706313434,0.995232715903727,0.983346591695896,0.976565205691574,0.975882519572321,0.981816284876966,0.994167011186876,1.01180123207932,1.03232854818275
0.714630154469416,0.70398707185497,0.689498356481575,0.670075516096807,0.644706563809047,0.612531592454274,0.572902433857747,0.52505103844931,0.468427254047463,0.403029110582804,0.329127957343966,0.247166734585976,0.157542899730841,0.061079369660975,-0.0412327375600307,-0.148143977879589,-0.257679844942296,-0.368144890864976,-0.478411429565563,-0.587811533571519,-0.695131272209609,-0.798809371113262,-0.896944405248918,-0.987168813204844,-1.06651315361929,-1.13133918994628,-1.17763693918636,-1.20182272817648,-1.2018095283181,-1.17818799577498,-1.13330173613847,-1.07050254477567,-0.993603938405305,-0.906346967249715,-0.811947301278722,-0.713092181101468,-0.611912311400395,-0.509982946621384,-0.408713515188316,-0.309252666935203,-0.212483342183233,-0.119055599409128,-0.0294204228501521,0.0561346348618066,0.137449602781484,0.214458605042208,0.287051466078309,0.354840110147691,0.417506784393719,0.47521185023742,0.527997907107868,0.574994283585268,0.615971616976502,0.651052830464811,0.680446884069685,0.70464675695889,0.723835199513008,0.738301177843505,0.74842613736462,0.754659720408615,0.757673779313059,0.758452064222471,0.757518386615726,0.755311117453539,0.752196489929079,0.748465920217033,0.744309093153199,0.73978078237021,0.734852426664273,0.729714925876088,0.723832172364784,0.716374569740413
0.360890640566112,0.343820685633956,0.324223743354567,0.30198385305948,0.277003157381259,0.249211755441805,0.218553442159333,0.184995417120401,0.148587215655409,0.109436961579907,0.0677147676011293,0.0236548280750403,-0.0224440053544008,-0.0702189354219084,-0.11923223747941,-0.168919309409695,-0.218601354197558,-0.26760174327748,-0.31530960916219,-0.361085264264041,-0.404257903367634,-0.444146928847811,-0.480077410839936,-0.51139975395815,-0.537513530199694,-0.557894459349555,-0.572122360263162,-0.579906838201293,-0.581112942462597,-0.575796656145124,-0.564138636273669,-0.546457560734984,-0.52319546425511,-0.494890235951346,-0.462145876167416,-0.425603759277465,-0.38591719487282,-0.343730525519511,-0.299667732760112,-0.254315616679486,-0.20821121689114,-0.161843876969515,-0.115653943345123,-0.0700333832345665,-0.025327735021652,0.0181611083994998,0.0601721467732492,0.100492836411429,0.138938591332835,0.175350396201721,0.209561968083627,0.24129472215808,0.270373930511335,0.296735021972904,0.320363551909041,0.341272116792483,0.359497482535523,0.375097218672202,0.388145958224709,0.398737971878475,0.407012078772735,0.413118586936055,0.41713797826824,0.419138604687767,0.419173202416042,0.417274442374598,0.413451372468733,0.407687088616747,0.399937943074239,0.390134535144427,0.378184630445799,0.363978025443629
-0.0306680539661326,-0.0306680539661326,-0.0306680539661326,-0.0306680539661326,-0.0306680539661326,-0.0306680539661326,-0.0306680539661326,-0.0306680539661326,-0.0306680539661326,-0.0306680539661326,-0.0306680539661326,-0.0306680539661326,-0.0306680539661326,-0.0306680539661326,-0.0306680539661326,-0.0306680539661326,-0.0306680539661326,-0.0306680539661326,-0.0306680539661326,-0.0306680539661326,-0.0306680539661326,-0.0306680539661326,-0.0306680539661326,-0.0306680539661326,-0.0306680539661326,-0.0306680539661326,-0.0306680539661326,-0.0306680539661326,-0.0306680539661326,-0.0306680539661326,-0.0306680539661326,-0.0306680539661326,-0.0306680539661326,-0.0306680539661326,-0.0306680539661326,-0.0306680539661326,-0.0306680539661326,-0.0306680539661326,-0.0306680539661326,-0.0306680539661326,-0.0306680539661326,-0.0306680539661326,-0.0306680539661326,-0.0306680539661326,-0.0306680539661326,-0.0306680539661326,-0.0306680539661326,-0.0306680539661326,-0.0306680539661326,-0.0306680539661326,-0.0306680539661326,-0.0306680539661326,-0.0306680539661326,-0.0306680539661326,-0.0306680539661326,-0.0306680539661326,-0.0306680539661326,-0.0306680539661326,-0.0306680539661326,-0.0306680539661326,-0.0306680539661326,-0.0306680539661326,-0.0306680539661326,-0.0306680539661326,-0.0306680539661326,-0.0306680539661326,-0.0306680539661326,-0.0306680539661326,-0.0306680539661326,-0.0306680539661326,-0.0306680539661326,-0.0306680539661326
