0.515661787677185,0.515661787677185,0.515661787677185,0.515661787677185,0.515661787677185,0.515661787677185,0.515661787677185,0.515661787677185,0.515661787677185,0.515661787677185,0.515661787677185,0.515661787677185,0.515661787677185,0.515661787677185,0.515661787677185,0.515661787677185,0.515661787677185,0.515661787677185,0.515661787677185,0.515661787677185,0.515661787677185,0.515661787677185,0.515661787677185,0.515661787677185,0.515661787677185,0.515661787677185,0.515661787677185,0.515661787677185,0.515661787677185,0.515661787677185,0.515661787677185,0.515661787677185,0.515661787677185,0.515661787677185,0.515661787677185,0.515661787677185,0.515661787677185,0.515661787677185,0.515661787677185,0.515661787677185,0.515661787677185,0.515661787677185,0.515661787677185,0.515661787677185,0.515661787677185,0.515661787677185,0.515661787677185,0.515661787677185,0.515661787677185,0.515661787677185,0.515661787677185,0.515661787677185,0.515661787677185,0.515661787677185,0.515661787677185,0.515661787677185,0.515661787677185,0.515661787677185,0.515661787677185,0.515661787677185,0.515661787677185,0.515661787677185,0.515661787677185,0.515661787677185,0.515661787677185,0.515661787677185,0.515661787677185,0.515661787677185,0.515661787677185,0.515661787677185,0.515661787677185,0.515661787677185
0.498396834022525,0.502005394856895,0.505467709452783,0.508765616826454,0.511887565271375,0.514827968322873,0.517585513635356,0.520162165197878,0.522562315176209,0.524792062903386,0.526858618399149,0.528770236424472,0.530536300522513,0.532166197169625,0.533668981121824,0.535053121744089,0.536326285876962,0.537495140614723,0.538565163814042,0.539540457084175,0.540423652937283,0.541217131370858,0.541920753669818,0.542531895233152,0.543045849514355,0.543455851533155,0.543753181891474,0.543927346278668,0.543966318114212,0.5438568271282,0.543584675048638,0.543135061168139,0.542492904810687,0.541643157634919,0.540571105203208,0.539262663354324,0.53770467997479,0.535885256465727,0.533794105584351,0.531422963693633,0.52876607620029,0.525820775502068,0.522588171313309,0.519073973612387,0.5152894678081,0.511252943508823,0.506992768200874,0.502545044506308,0.497956062937704,0.493283177493505,0.488599578806814,0.483993471825559,0.479566832265382,0.475432843170581,0.471710288976626,0.468517311308918,0.465960864962355,0.464125904506413,0.463065675317272,0.462798411212811,0.463307654907075,0.464545263007587,0.466438203840177,0.468896460337349,0.471820771696294,0.475110333595427,0.478667760838105,0.482402445274686,0.486233623394103,0.490091736597387,0.493918781880325,0.49766792444518
0.493731897924491,0.499913523957936,0.505411595593054,0.510280202624525,0.514573714563897,0.518348444298478,0.521664078253672,0.524579457961,0.527150519411227,0.529428249800982,0.53145670656466,0.533271576498124,0.534905480221692,0.536389117914176,0.537747570805371,0.539002532263195,0.540174870077793,0.541286641307592,0.542361934657292,0.543426207477547,0.544504170795353,0.545618309233509,0.546789560058699,0.548024718747465,0.549317597868001,0.550649095172163,0.55198840158867,0.553295467685457,0.554524150953033,0.555625361009392,0.556549882278982,0.557250205678113,0.557681308283422,0.557800777163746,0.557568460955721,0.556945445457158,0.555893053931001,0.554371987179267,0.552341757148174,0.549764338287146,0.546598145783647,0.542796852437241,0.538312615660579,0.53309710228609,0.527110806496322,0.520321780873911,0.512685144027847,0.504151548824962,0.494682888213406,0.484240642462462,0.472802627685345,0.460357746778318,0.446919707401745,0.432561918175127,0.417505092490637,0.402355135715488,0.388776137178931,0.380140602711555,0.378089979497461,0.380471563127528,0.385830746336468,0.393700936502336,0.403567889178793,0.414686209695198,0.426299807412147,0.437820166916484,0.448862926914549,0.459209455850477,0.468754544176029,0.47746372109509,0.485343669273485,0.492423233361293
0.496410255150382,0.502291716191838,0.507256535800963,0.511359645008482,0.514668095251399,0.517245875130225,0.519193479256667,0.520641036584211,0.521736556849376,0.522628486350042,0.523441779741732,0.524252358465229,0.525092235708556,0.525956775326222,0.52679604843513,0.527543819222894,0.528152800126381,0.528613364655111,0.528971011798986,0.529328070958738,0.529824857447372,0.530610079489584,0.531829326392843,0.533578401082534,0.535866900934637,0.538622506388406,0.541717447402968,0.544991023547429,0.548277672462974,0.551429302042652,0.554328362716266,0.556891473885687,0.559066783173848,0.560820896706484,0.56213164391472,0.562987147921874,0.56338962946224,0.563312084753753,0.562704306853485,0.561496273162414,0.55959882622166,0.556907894397565,0.553316934205344,0.548725973126233,0.543079295416665,0.536312421435262,0.528386516100732,0.519270226713017,0.508930916858369,0.497336989123921,0.484491276935956,0.470400771836547,0.455082264030502,0.438589793615399,0.421077581402766,0.402904730809306,0.384687202958595,0.36692732526594,0.349113468964219,0.329424403346156,0.30794072643744,0.339847617764715,0.368520758482407,0.392873829121261,0.413612001592113,0.43129677928063,0.446392967653093,0.459298495436326,0.470357403976917,0.479864471665734,0.48806222041997,0.495133438242815
0.493618620444172,0.497994252475813,0.501861921606629,0.504898296444868,0.50681092603946,0.507460178813601,0.506882671761113,0.505340034534334,0.503277916157073,0.501254657308154,0.499812435773322,0.49930961702808,0.499840598984457,0.501148881761562,0.502717091219151,0.503964758365213,0.504421936512896,0.503841213319674,0.502272972692659,0.50007701517723,0.497890911234839,0.496478985617199,0.496539765703671,0.498493086288802,0.502349250919544,0.507748152300704,0.514133261227256,0.52093773791073,0.527652786341059,0.533839462548807,0.539263720686257,0.54387258747261,0.547715765927724,0.550891863767771,0.553538537446015,0.555790180179118,0.557732943062576,0.55939846912804,0.560743449531084,0.561676990275272,0.562053840923804,0.561680036574,0.560319987242125,0.557687157727434,0.553658616678109,0.54820105696413,0.541313066265506,0.533042912914188,0.523485296898196,0.512786184498331,0.501202110336761,0.489033826602972,0.476606190950496,0.464225412461035,0.452165033205498,0.440674642031571,0.430008141621134,0.420526207300911,0.412938941879104,0.408493485766482,0.408635194265533,0.413902878061031,0.423077345492943,0.434050363482928,0.445070711910691,0.455132902877932,0.463842377450439,0.471206823075121,0.477468701929432,0.482957410772711,0.48798034604061,0.492713449579595
0.474734650186076,0.479568060474175,0.484994579285105,0.489571224249827,0.492017243798824,0.491536611043084,0.487828647056134,0.481173913845338,0.472550210460702,0.463758514689928,0.457269740134179,0.455145621315663,0.457857194038956,0.463819500134469,0.470419739978143,0.475285902352006,0.476877732761436,0.474528349984298,0.46840384382851,0.459427639748367,0.44935403732814,0.440749616864126,0.436506365262299,0.43857996311459,0.44676447245812,0.458986647698288,0.472748463833377,0.486123060602346,0.497902053377462,0.507553474615644,0.515092157850464,0.520768355651251,0.525084169382865,0.528597147848497,0.531787482507551,0.534942057664831,0.538212455728279,0.541660646385383,0.54526946319195,0.54889634312126,0.55232416326327,0.555132879181547,0.556804827907526,0.55687351811637,0.555135721476835,0.551311099870443,0.545288514149754,0.53717996287846,0.527242164723595,0.515909440374099,0.503884997565011,0.491960962533101,0.480936944656296,0.471492400014656,0.464090597733063,0.458920853289248,0.455906668761364,0.454831328702036,0.455423380766479,0.457392349775354,0.460460726405468,0.464167519799422,0.468014259196083,0.471426406389567,0.473873856528362,0.475021091268464,0.47480666611761,0.473516742227312,0.471831240293251,0.470751100892948,0.47128024836118,0.473958990666769
0.430239375259618,0.441788720030149,0.455946299997415,0.468331475697852,0.475969673311975,0.477108411116634,0.470968431862872,0.45725924498072,0.436396484178075,0.410870090771341,0.387903752461684,0.380647894138254,0.39451587478182,0.417694427412677,0.438519748755878,0.451971008298694,0.456395154257653,0.451428968444031,0.437250653939748,0.414614843457286,0.385681406247277,0.355655133504244,0.336096199981053,0.341343331981155,0.365987376998917,0.395600782942353,0.423837352034619,0.447611842254505,0.465412788606943,0.47716634029511,0.483897518431027,0.487324236005228,0.489247984850235,0.491269152220402,0.494200560280694,0.497996169529531,0.502431766104839,0.507634405421201,0.513933557682112,0.521389859391874,0.529410550423873,0.537018333295958,0.543178015261797,0.546968985680132,0.547936817865599,0.545772720400706,0.54002661609925,0.530593433594302,0.517909963045922,0.502787021595518,0.486611775970176,0.471105245189206,0.458065116217531,0.449056531239147,0.445044572687707,0.446141524845235,0.451578120968509,0.459796686434463,0.469020897803593,0.477719435103943,0.484817421084479,0.489597410484832,0.491681743554074,0.490972417901886,0.487360571499247,0.480795457071047,0.471216065783313,0.458985281862767,0.445326397173326,0.433018577070929,0.426354260846121,0.428703408009574
0.347919324034072,0.384668130916445,0.421306337510248,0.449621926521,0.46746316715955,0.474096853047941,0.468989287533493,0.451516351264605,0.420258858437321,0.371711076741228,0.298630765748581,0.244422357659418,0.331046388784694,0.390684577662525,0.428355364514763,0.449028433476867,0.454926773148197,0.44671177969484,0.423973892852523,0.385124861584496,0.327118151953773,0.249200772626841,0.151063328439402,0.21056733539473,0.275959342668163,0.330246819409547,0.381880200446568,0.418566039952551,0.440459506123947,0.449763487981805,0.449216380492341,0.442730503301602,0.43590030023351,0.433894447767507,0.437586545581274,0.443398685283301,0.448627912996077,0.454283918987455,0.463129968083787,0.476222192154193,0.492016557689762,0.507701037492305,0.520776766643416,0.529884863153707,0.53447789572357,0.534071918162597,0.528172326922017,0.516094105873635,0.497946352083751,0.474681143287819,0.448474192295253,0.422723839852373,0.401378265674145,0.388508390086787,0.387160340974567,0.397559373150492,0.417317761163132,0.441078233018583,0.46338005735573,0.48117044303369,0.493359422370695,0.499800038778675,0.500759491021837,0.496736786869179,0.488000805079094,0.474622988942912,0.456229228577976,0.431779162950834,0.400343480297374,0.363548705598503,0.335188365994052,0.342295675772323
0.234779966934068,0.333314740144017,0.400835808956667,0.445985323249099,0.473787260533703,0.4869378094593,0.486774884164003,0.474051579255812,0.449110546484994,0.412668991440775,0.372228649941526,0.357447131987598,0.386692825528049,0.425727537521356,0.455267935889341,0.471700238564568,0.474772258616765,0.464321499947687,0.439582096561189,0.398593229492553,0.33792033522103,0.260609534126096,0.251081536678522,0.271610999215117,0.268368370801023,0.319323937134541,0.377180718578668,0.414130452536915,0.432184022395096,0.432713878161492,0.416557387452007,0.386170024036018,0.352406883495325,0.342238640353361,0.360038202712325,0.375699950439369,0.377325257065242,0.374143398341567,0.383422848344944,0.40848634961785,0.440025101673577,0.469453545969678,0.492718650968316,0.508740792452031,0.517752545081525,0.519702177217156,0.513899897078794,0.499206374140815,0.474125575060844,0.438098430051366,0.392462823490667,0.343760258007048,0.301342367454637,0.269195569564357,0.274905005245022,0.30352318635604,0.35925028243971,0.412426708953292,0.452044772582302,0.478871115636897,0.494790819343522,0.50147696734426,0.499764408102291,0.490903584970329,0.476426779165977,0.457563523350058,0.433605027536328,0.401530808357009,0.357140995727207,0.292728771346793,0.176712670828059,0.21154102986129
0.225094979137493,0.341054558986873,0.414526937362195,0.463353527722964,0.494521687904383,0.511436136804768,0.516396863101126,0.511185159361793,0.497904911989856,0.480432559505032,0.465305942490697,0.460602273768798,0.469196467804585,0.484754824251354,0.498897181000656,0.506438990465522,0.504942274276993,0.493780421677851,0.472427240006566,0.441304694945395,0.404001879670687,0.370325585924321,0.352235106715018,0.347436669306054,0.35251758783685,0.373974503515171,0.404747676497655,0.429821578431261,0.440734915667726,0.433465418122768,0.404177851158013,0.34587945437077,0.238439893621914,0.178992992489999,0.293345527066447,0.326072938815634,0.304460465531117,0.242476624705268,0.251105760188616,0.314551229758809,0.38104481464195,0.42916240662627,0.462027333274728,0.484544273255774,0.499008898505032,0.505223983978872,0.501638900709493,0.486543017684687,0.457092207009869,0.409480143620336,0.337744443215208,0.228348753151031,0.199935368101057,0.167995897748883,0.189695591127784,0.218160856277371,0.334178059648893,0.405570489337402,0.451110592173021,0.479380041635258,0.494487729033136,0.498043752648861,0.490662420135434,0.47354453616094,0.449895964196928,0.425416464555497,0.401224809773036,0.367855539240143,0.316415717971453,0.256695504527009,0.199754709742651,0.193262749438299
0.343179224757587,0.402285031386485,0.454377190876637,0.494234166030109,0.52199645438949,0.538779319440188,0.546164507417454,0.545914308243037,0.540314855255254,0.532758209667055,0.526562769451895,0.524506761310318,0.527322908709418,0.532694807984661,0.537155185847393,0.537708361637095,0.532681380116235,0.520888680678191,0.501904674508855,0.476479057863058,0.446623444866601,0.415790224208165,0.387622673171743,0.366185316593958,0.362187114401791,0.387094368122841,0.421823135376594,0.447533873629997,0.458349981059397,0.452064014723562,0.42685462261343,0.381273448082702,0.322924758444622,0.302625379517217,0.333226745424156,0.342241081227807,0.303283646578114,0.20353198481104,0.170279941918624,0.258816943787801,0.34975279711598,0.398136632515554,0.428974333941495,0.454670540934253,0.476334063691115,0.490208341029373,0.49285259110245,0.482176925227774,0.455465557718748,0.40873146891539,0.33729124804779,0.261761378560698,0.281651096591608,0.31443857755408,0.331164732596268,0.35319396662611,0.391657393538147,0.431577370299948,0.462374376141548,0.482494836035275,0.492179859912088,0.490869366937784,0.476813259309273,0.448199120477136,0.405392001233774,0.366355575097402,0.357653371685489,0.337819444588669,0.274537755374979,0.162437448489584,0.276551800078989,0.331920080053648
0.420810894650093,0.460240296437078,0.495555230343124,0.52477021776047,0.546552487821783,0.560519027456701,0.567831825751548,0.569715956030126,0.56801792006895,0.565181362228933,0.562749981412179,0.561688620633877,0.562064056693918,0.562561271891983,0.561475018636911,0.557523137251394,0.54999264543092,0.537484440798486,0.519172146680924,0.494926356937197,0.464308868691884,0.426543164177906,0.381454838687466,0.334593081244707,0.305926109729605,0.375580330565634,0.430383190652931,0.462989930271057,0.477909929910755,0.477518478719641,0.463921883324658,0.44101435755389,0.417743759265607,0.406389693786951,0.405592554870927,0.399089216262195,0.376409950114201,0.346351107365946,0.330922233866056,0.341564476815632,0.362787215097798,0.371684176440741,0.380283580673579,0.411053595763263,0.448164756945868,0.474304263478863,0.48601921829432,0.483564981231077,0.466938499512233,0.4349072190963,0.388625222517408,0.352724604983973,0.37422755357629,0.400640333315733,0.417487815161851,0.430197043253519,0.444029136332735,0.458369579421944,0.470635196169825,0.479431037805845,0.483492736689635,0.479397453371809,0.462422280219615,0.427935044425997,0.371212111243359,0.30622510847471,0.317405753020289,0.330115837016763,0.328412983693896,0.33221275101979,0.369323113786449,0.412644301017043
0.472850559165837,0.500866217972407,0.525365086435684,0.545712183846259,0.560931669667906,0.570932562937326,0.576627090727818,0.578796520566693,0.578788905167503,0.57826693145835,0.577803253062376,0.577318137761461,0.576289508576184,0.57409811791278,0.569987158191531,0.563467243080108,0.554227820304712,0.541003836953997,0.522994846578319,0.498684519725616,0.465329671865424,0.420067446392172,0.363107822695751,0.314657656667172,0.339408861971968,0.395856948494253,0.445428219669149,0.477672031563913,0.494224863937108,0.49815119844802,0.49269416227594,0.481698664502424,0.469992746738776,0.461692082642633,0.455997458946877,0.447937566630659,0.434148918529767,0.417291012964915,0.40382283963512,0.395483668731868,0.381234524542696,0.340643450180021,0.279702473948757,0.356799030997201,0.422456538992862,0.459230260419724,0.477950825213788,0.484640816594661,0.481568720963902,0.46986875933622,0.454295311890456,0.446172131114701,0.453148623385644,0.465623969726494,0.473944939166885,0.476337463735753,0.474003773093726,0.468570615116631,0.46228590928423,0.459801918497608,0.461869299901693,0.460983184220285,0.447080770673069,0.414945259357876,0.36512933089776,0.298685418569245,0.23889460100794,0.315714569017646,0.371315874625032,0.40527449143528,0.436189761148308,0.466966264612043
0.503097159402094,0.523357802590574,0.540144920630989,0.553135017964406,0.562035633271366,0.567324906612668,0.56997204565408,0.570976537491714,0.57176816846166,0.573190244598703,0.574706063361804,0.574949293987342,0.572871880000506,0.568741353603653,0.562773690064685,0.555060599282709,0.544820031593622,0.531348095732747,0.513730433726965,0.490067547523808,0.456450105466535,0.406092106264073,0.330862171678723,0.290683806205727,0.358177876950626,0.418363734522945,0.461288969078501,0.488763181247648,0.503259392235379,0.5076300317147,0.504911734417799,0.498174329944879,0.490489728431701,0.484527716330199,0.480050246052583,0.474322285240064,0.464517302218102,0.449662569793785,0.433294711003432,0.421964291112395,0.405235936407506,0.364514500616102,0.318470544474352,0.365399957105893,0.416411024380387,0.445403306107574,0.463317058162875,0.477972764515065,0.489665441132113,0.496097679947206,0.498841204348026,0.501666460712686,0.506996108279278,0.512117772732182,0.512020643649489,0.503904165696316,0.486797541397206,0.460440251685316,0.429727945273452,0.411952695927802,0.420671299671955,0.433594041825021,0.42713561727702,0.394825079998281,0.344081081635399,0.290168726422781,0.251899423406489,0.336173643011802,0.402925005506058,0.44414202717086,0.47399317388466,0.498677669419495
0.513504489631722,0.52801896564291,0.538389405233863,0.544952038310626,0.547826341495976,0.5479768621271,0.546787152582168,0.54570995105749,0.546559738734144,0.550426415950631,0.555020456213072,0.556487250246815,0.553248354839145,0.546611948113511,0.53868919380738,0.53058076430241,0.520677109079082,0.507066956628849,0.489429385009105,0.468584990773376,0.442398219589788,0.401959830530304,0.333873265774236,0.299085013823716,0.380400098169104,0.436566102720743,0.471172223618621,0.491176988341655,0.500518879883731,0.501764484309166,0.497558756166042,0.490557510003813,0.483480604504449,0.479285155754927,0.479003324065728,0.479242927574586,0.47468061787354,0.460038752516072,0.432836538270814,0.431699202010868,0.434897468232349,0.42121418884316,0.407460200477227,0.411904065969614,0.420767214149986,0.422899138103766,0.43100964733752,0.455953669638995,0.48596412885623,0.509494188310864,0.525106207086632,0.535212796454632,0.5415828054029,0.543097726941467,0.536858789417058,0.520137451038335,0.490028015162779,0.442823777657167,0.374313671320715,0.314275210903877,0.361018690695633,0.405471663974799,0.408058127732412,0.366475939154269,0.278671222053614,0.273429831118559,0.330761703147369,0.382217889838383,0.428208750189261,0.463474594454852,0.489983785932309,0.51012328605018
0.505184509149976,0.514885360575426,0.519847251634551,0.519823866933209,0.516048204471361,0.51154448765576,0.50677116972735,0.501654117854793,0.501129033683239,0.509427177781676,0.520502187390484,0.524895139324243,0.519412838213757,0.507608008158868,0.496365339337941,0.488981523936619,0.480953417359736,0.466652986872039,0.446081522563388,0.427824988932229,0.418711779033596,0.409376840330166,0.393734454007356,0.394478781545652,0.423583100860273,0.453186741736985,0.471783398486293,0.480754192898281,0.48228414230242,0.477638361966885,0.46870399745625,0.458025643250048,0.448647952237183,0.444915580400106,0.451846596099121,0.464999756959336,0.472579340363455,0.467594030957996,0.451802818640601,0.454727198958265,0.464083990336962,0.46184113514535,0.452889699370352,0.440614613317518,0.418087170520387,0.379428488416818,0.362954198941536,0.416363190836185,0.473362877361628,0.51328604139936,0.538943608824414,0.554724993079647,0.562795825181798,0.562711017140837,0.552471960183003,0.529803456582068,0.491824016928353,0.434271464199207,0.347489409750019,0.230291014479494,0.336851463095638,0.397041755164578,0.403092365809118,0.36141316204013,0.271869303715542,0.283393032661375,0.355707786828478,0.399257977601359,0.433710272456255,0.463545135489882,0.486664828532404,0.502724177814558
0.478786398272793,0.485608027003466,0.486715577795731,0.478326769608742,0.465080338992979,0.45676505796978,0.451188414131192,0.438309454654834,0.431442656047175,0.451734495230439,0.477274413603817,0.486473101826994,0.475100787685115,0.450309553841834,0.431986085270723,0.428815736076806,0.426320572614949,0.410720858551904,0.377602726321406,0.351006359444029,0.374154525442164,0.408093942321413,0.428071475731524,0.441275131039454,0.453048640561531,0.459342562378333,0.458174478215127,0.452913903249195,0.445343159350191,0.432498765228128,0.415147167457178,0.39787499872416,0.383598139207397,0.374684753894681,0.394506540618957,0.434112456306645,0.461926508004042,0.472619325316953,0.474616631751286,0.479171386837091,0.485194841256102,0.484880406177269,0.475462265209402,0.455103217900316,0.416332515677448,0.341633891464997,0.24848965474789,0.386631629316833,0.463538476503143,0.51273735801511,0.544718748332052,0.564408347571318,0.574267610501224,0.573885147974751,0.56161636133515,0.535686358001491,0.494404340121993,0.437447937313638,0.375203339236655,0.348421513961582,0.380357782327868,0.412498086045535,0.41121664011976,0.375288724289094,0.327618260041018,0.324997422489567,0.356968313645475,0.382795934934628,0.411611589420628,0.443467249396088,0.46578455383931,0.477181719479176
0.434161057767606,0.443008185184962,0.444162528620669,0.422854808567269,0.389838757274956,0.379470672853886,0.389331201852331,0.364059530982459,0.321951505584487,0.386455758412772,0.438337531078684,0.451841009069599,0.429258973386391,0.375559504432292,0.336958068272758,0.352775792364804,0.365507127826644,0.345996381434012,0.286046951380536,0.179250250491327,0.317932408339808,0.400508027256344,0.443085459591774,0.462300723136328,0.464541789411808,0.450913811150977,0.424646676360821,0.399963239584692,0.385668185999968,0.362574890078596,0.331331247568387,0.299316333176368,0.282319831504387,0.248176599739376,0.306127297195846,0.398240420395555,0.44556782836391,0.46637091416166,0.475737048340041,0.483640164610407,0.490565018329667,0.49163486459514,0.482464105550086,0.46105361659406,0.425343073331839,0.376541785932196,0.354226246857531,0.403425139989657,0.462296030547268,0.509192517271085,0.543505681903686,0.566025369191612,0.577829882515495,0.578125537031547,0.565484593159508,0.539069880907604,0.497251992589712,0.437394890822498,0.371078804353371,0.383756582387039,0.41724120550744,0.434030599212684,0.421817101795394,0.373252697280864,0.292075545681226,0.281197373251573,0.320468503686404,0.319100111598834,0.355755206369556,0.408938736556161,0.433151160026722,0.434030580477913
0.367694758787928,0.402363724939624,0.406370803447892,0.363177279579195,0.286713825975763,0.285925753151977,0.353960918279086,0.337349802703824,0.256743302821211,0.364315156796202,0.423440679777593,0.433573705273316,0.398226309771845,0.31113554063356,0.241070417210811,0.31634253257572,0.337242969816875,0.28532202064874,0.206696288127763,0.173705647914442,0.307227673702344,0.401349191118672,0.451665876394507,0.471838288630726,0.466451147958442,0.434261945030182,0.371494338257574,0.303703254728168,0.302297902581538,0.262527730538001,0.211358716326576,0.0747629719750349,0.143501427012112,0.117546983596017,0.282607962413881,0.383386767217797,0.428591663704266,0.445692869191695,0.454663992582222,0.466466450013922,0.478692787560455,0.48315248541298,0.475207420935921,0.455047354007259,0.426298111719687,0.398889069976847,0.391774102590603,0.414449218112208,0.45470067851347,0.497605380774907,0.534042326565008,0.559558087515893,0.573710871856478,0.575270838430686,0.563894794688431,0.54011511047546,0.503086229202865,0.450093935342936,0.390577784733257,0.414330777781709,0.446311698244482,0.455753017853385,0.437209338126474,0.38017570717851,0.256925445492308,0.234050830161503,0.286001666937344,0.163786776589664,0.289439561781762,0.383822854897337,0.407896478282888,0.377358255518365
0.402375660445608,0.408462630493553,0.395767809436728,0.329025528219291,0.234065757449417,0.319476061334032,0.376248238524984,0.385549201845963,0.379966379457826,0.410221676927171,0.439303043147659,0.437556178823331,0.395454126974594,0.300399493368582,0.201659269315936,0.316222731574994,0.348082624237938,0.311196912926853,0.213793090381563,0.18704558111912,0.327808770180224,0.414012461540194,0.460820088654054,0.478504461622287,0.469053670634408,0.428454670233396,0.34164524106707,0.161964709499533,0.245243171349295,0.103252985186605,0.23259763339636,0.213802567714545,0.200834192140794,0.275216880369449,0.338659701391579,0.390326454747252,0.410061744245641,0.405640332459179,0.405449156204853,0.426415107297459,0.45163941011453,0.461862544971251,0.453393592114318,0.430568026951908,0.399331015581478,0.373785408799042,0.370593000914273,0.385401975123975,0.423077916408229,0.471933781315544,0.515280659783411,0.545573829177418,0.562206799242541,0.56529706744797,0.555975668425533,0.536635033817467,0.509321267797807,0.477222684400055,0.454532315714019,0.459645231707128,0.474790193372712,0.478166435606399,0.461619976258303,0.421040536744137,0.365657026196551,0.342532585586202,0.332565061844317,0.288591071957835,0.336031572351389,0.397355377772376,0.417132356558922,0.404638430465445
0.444271843097878,0.43925197348462,0.419422736608216,0.372423732189117,0.345977648523834,0.389409037286087,0.426627290892062,0.443626233871842,0.451356585844872,0.46236286080454,0.469433053820993,0.458147962853597,0.419745757346565,0.350953974405366,0.296249262860094,0.351466689722819,0.378798960872839,0.360757216287453,0.306860894203082,0.30583612002696,0.376785151520234,0.434649808371824,0.47087422838312,0.48542234838852,0.477591470687541,0.445329171895604,0.388665192721018,0.333481524964736,0.317636332430643,0.293851891716313,0.303562993254698,0.288168311110925,0.286877394235537,0.329817382988126,0.371551763977942,0.39677337518649,0.389916419586068,0.341605985940963,0.31651945257983,0.367447697447734,0.418849704015142,0.432884346062357,0.417813535923095,0.384398517428775,0.339338322048556,0.286749855285938,0.301970565248568,0.297903313841186,0.357761839749958,0.432445971990955,0.489517940586582,0.525523940236838,0.543960530520958,0.547815675703309,0.539633791079375,0.523760182039311,0.505051713946839,0.489131340749131,0.481990659546577,0.486298322988765,0.49478400984347,0.496731131197581,0.486801732289538,0.464705870092187,0.438244328000313,0.419577794056653,0.405297755032368,0.394684342093766,0.407683690120192,0.432049916274862,0.445025660887329,0.444917917611843
0.467433670421832,0.465444815418266,0.455907589023174,0.440698555793515,0.437556915923234,0.455074144357493,0.476245979882215,0.490158426666381,0.497552100699413,0.500873965197216,0.497907475458189,0.48311475074492,0.45394724894976,0.416837973169584,0.395369527177811,0.404093787092332,0.414252324025272,0.408260950796526,0.393301231015661,0.395185729179426,0.420780778414428,0.451333490663351,0.476118170322433,0.489397064149545,0.487272477524706,0.469130115548313,0.439689278305137,0.411125028433379,0.390362162106461,0.369858962609024,0.341677285344955,0.287869672790899,0.265995289325512,0.317477091910147,0.37157672313002,0.39632966726442,0.385743611676473,0.330674461831258,0.286508143677642,0.354735095211697,0.399912795579445,0.403134391765959,0.370337413423709,0.308794618250268,0.279820537731613,0.2498139122369,0.264139318941139,0.133410671135343,0.272274507200203,0.395313076546795,0.464313394094872,0.502627104032382,0.520080259644725,0.52194940319638,0.511787015498174,0.49511280740858,0.480705429637987,0.475739195070816,0.480173975784519,0.490030616093682,0.500125122305602,0.505242965887727,0.502506792689462,0.492303012558701,0.47813190445133,0.464485908987587,0.45287768750428,0.446132679610192,0.448612157290203,0.457086760308303,0.464269904015179,0.467282495764905
0.470379986365862,0.477144117324841,0.481251503461285,0.48351949470382,0.488992338370712,0.500387299795753,0.513149844760917,0.522283038464226,0.525977525342532,0.524328229975833,0.516474511079489,0.500453709208679,0.476873203033749,0.451841869594126,0.435721186112254,0.433096357971475,0.435867956954236,0.435944403205237,0.433334867076281,0.433649634742017,0.4395349654209,0.451078156844928,0.468403475423758,0.48416676196114,0.490003228206752,0.483738929597579,0.468207850023944,0.448629208387485,0.427679819386475,0.401226401164738,0.356808357787405,0.267409444012584,0.116099226466653,0.269936174698201,0.351019832522138,0.389120490359058,0.397368062814179,0.383775763688886,0.375660104442284,0.389673476665073,0.396914169933532,0.374899363195875,0.318275933434386,0.234828365581371,0.266611703970908,0.315999890412513,0.316080096243249,0.279556164397968,0.306174791094945,0.389709766722885,0.446874819692814,0.478918656903854,0.491542153643991,0.487647369440859,0.469697812522905,0.444037842125041,0.427312083731479,0.43333497890815,0.452122023576813,0.47208414148314,0.488850509777288,0.499884920711061,0.504035046528926,0.501186716172089,0.492829859190807,0.481511459932363,0.469887911886273,0.460968651132351,0.457275016559931,0.458338587304272,0.462453628721996,0.468940411752973
0.448640847198334,0.469417539279302,0.487786713678636,0.501989676340934,0.513648448563292,0.52415386029567,0.532652133527601,0.537574614253129,0.537727719216521,0.532516124508394,0.521226840026605,0.502846373558826,0.478313440393801,0.452537519700915,0.433637514250018,0.427023442760885,0.430041557160207,0.435998072132666,0.439982914336869,0.438745518107654,0.430300665595381,0.422923291502975,0.441587493467834,0.467804207923485,0.48240727116822,0.48399557435203,0.474842037315052,0.457958172682148,0.435881414603012,0.408170859706202,0.368624040514256,0.301364810879039,0.181858930166193,0.222720642374801,0.311019540742292,0.369784451787379,0.401755430185629,0.412543586674078,0.414031397594775,0.410952405215201,0.394280045801575,0.347479598009947,0.245677319521342,0.222049644294477,0.304123489457334,0.341554833081023,0.350756140715804,0.348411484342561,0.362180903690252,0.396717741340691,0.430218812538969,0.451701387438036,0.457793216251061,0.445935791454677,0.414701617156691,0.36592721003125,0.327379325673723,0.359955002588958,0.400913474286841,0.433989200786488,0.459914877851512,0.478942850540694,0.49031578941036,0.492855338910421,0.486718458694084,0.473824773769557,0.457722302754938,0.443235220857518,0.433833735953732,0.429529987831138,0.43170768405216,0.444879226579354
0.39943917364212,0.444269815523646,0.478308053623821,0.50155388705225,0.517113857601125,0.527269147058819,0.533566854608892,0.535929302198532,0.533709263724727,0.525981491986169,0.511490023088146,0.488707341891781,0.457342834022969,0.420181962744668,0.388383336364182,0.379006376406233,0.388734076744061,0.406581840601415,0.422306945157511,0.425592490816363,0.409969285687109,0.368664408687622,0.408472463107758,0.446573456254236,0.466162255044434,0.471180985280261,0.463178644934657,0.443662952149938,0.415987861364712,0.387386425346607,0.362540200492422,0.329953791216273,0.27189894985217,0.195588867979879,0.230451755545338,0.34231602929364,0.39356402762993,0.415515483193427,0.419968628784185,0.411497118701852,0.386867268634536,0.333138090715842,0.220495823364231,0.223083172680341,0.303292312889843,0.327445579484649,0.337154303458231,0.342563781755714,0.355244605249261,0.377094285503663,0.398016874247666,0.413735261681942,0.417099017910457,0.399425449049342,0.3543764420319,0.287868434003098,0.21198373038575,0.274118413138004,0.328555800576695,0.375904772834835,0.412752546233936,0.442708975297733,0.462803647317045,0.470366084552302,0.463865844861611,0.44430795399033,0.416859295208655,0.39126032230798,0.376082706645363,0.36762485389621,0.361931312566912,0.390383073559136
0.345134738298702,0.416956222606894,0.460309761761512,0.486945163717542,0.502845133362881,0.511730838784949,0.516329379302226,0.51742533283319,0.514328286266143,0.505586494626065,0.488790259256146,0.461475351368146,0.421586889435655,0.363791789591622,0.286903926935216,0.277632607807229,0.302797155921992,0.348803249995936,0.390371163783744,0.407475749142176,0.404106488572431,0.39503691854204,0.405194538469865,0.426107178067621,0.442028793419486,0.447376590475291,0.438466022605722,0.411847650026538,0.366208332087607,0.318525984190616,0.316495090646571,0.330278781556078,0.316801106276732,0.277316569871089,0.276703981142604,0.332747923794707,0.377275337471901,0.399101884933096,0.401462446780374,0.390023205457488,0.368853905295385,0.335050586650394,0.287893044923601,0.27795109714772,0.282358011561169,0.244284295887066,0.267172906075867,0.273995329574968,0.295961498577303,0.321898369621295,0.343754642738981,0.362966276072857,0.368262593109488,0.354159623106652,0.30647539019642,0.233231012890122,0.182010841462287,0.149089967850597,0.244899463984945,0.297885896395862,0.348442849608727,0.395818091941212,0.427113685871235,0.440003307587722,0.431462101592538,0.399440391128386,0.346361737220783,0.29485951482394,0.272604618427769,0.291442575266391,0.23537209380293,0.32552123967291
0.357549019571462,0.40575956961422,0.440051977482363,0.461235382443659,0.472594750358176,0.477589692638456,0.479693844145776,0.480732397285169,0.479625739958149,0.472978084284458,0.456453043067027,0.427198865425126,0.386938940254687,0.334819519902412,0.25866298005103,0.231274048901171,0.201377568364637,0.306385071651634,0.364587259693377,0.386278314396934,0.386866648133505,0.37935578224129,0.377290399841454,0.3870957054089,0.402727473884362,0.413459064890872,0.409412103632407,0.38159052833139,0.316858811744978,0.169065842037641,0.246100227985629,0.318980499444962,0.327573718993632,0.296097300606068,0.260862986447257,0.29932702456257,0.345732641323098,0.364854880341271,0.358619855758255,0.33393862367844,0.315617294936519,0.310384377445744,0.307700563396244,0.303690084633098,0.276096525602798,0.209579616601958,0.252944386514444,0.285774046862164,0.295056252412687,0.280374511112948,0.296967223519335,0.303843270543408,0.298342766712263,0.311112278542138,0.304458417041645,0.255009873262452,0.241826260704045,0.247134202617129,0.26308002135362,0.282729736674619,0.311754500778406,0.35059694880619,0.3954841241538,0.414598869468439,0.405215361464222,0.363777455309801,0.277211725892754,0.178761505414525,0.230535282521759,0.283090193425016,0.306733575324319,0.347193305799751
0.364741838300017,0.392319228753656,0.41152471454145,0.422425152922505,0.42491056438606,0.421243369433751,0.417956077562096,0.421220001297854,0.428747294283953,0.431682469056666,0.422036469230252,0.394177418340359,0.348075776179596,0.346819108980503,0.337402496605154,0.322353302459355,0.320072485064581,0.341223149575081,0.358216584879958,0.357849314383747,0.342161037862239,0.314093190642995,0.286905923990743,0.299620971775858,0.335905313189089,0.370521954399959,0.386358700475332,0.378742505588326,0.349233101500201,0.316810168822801,0.323142193364247,0.344157096713253,0.339274554312461,0.294047992074082,0.208786397659271,0.260229976416169,0.30193160524548,0.31493518380129,0.303360039816782,0.239066526598486,0.193694261718124,0.213671343567249,0.250348327976236,0.283146099576991,0.281382453357734,0.299701291800474,0.327580583535739,0.345852432039926,0.347284988584275,0.33172842729325,0.317620417319772,0.292227590657848,0.25758585131556,0.302563375348841,0.337738705490314,0.345664439548274,0.348310436190635,0.351568518573967,0.353338683763872,0.353782879402171,0.349276283221559,0.359601129672729,0.395203888234692,0.410490876452324,0.400934864888107,0.364973618142828,0.30194771739932,0.214769454334711,0.20331926302482,0.274532023733309,0.321031852747899,0.358312904142767
0.344339001431457,0.357547921193784,0.362471205014073,0.36657680912281,0.359733627890202,0.336420874993214,0.312409040394224,0.32620073219054,0.362274612727835,0.388900338124346,0.399148437481567,0.394704826906405,0.385627471840331,0.386400028448513,0.388372243552876,0.385602370235817,0.380268588288819,0.37163528512224,0.352351079401457,0.313834569863653,0.262092844538132,0.230226315203697,0.144864876560395,0.0724632000898502,0.259852744046039,0.33917495144958,0.378203812575947,0.393218387112618,0.393871916784483,0.390013979856344,0.388353673133763,0.385700126157105,0.373488913983278,0.347420241304437,0.313274911391657,0.275198247976693,0.230469431371367,0.228024925619614,0.267565511119835,0.261018383768871,0.234336193870969,0.2427433501237,0.275681172691356,0.297029686765008,0.316899841212277,0.343900387395023,0.373841677887532,0.391168633610308,0.396360282587193,0.391941477231938,0.381616377382887,0.368915190308908,0.363187361024135,0.374958013167668,0.3938555156608,0.407799711998662,0.416030781787589,0.420469336440602,0.421965902061439,0.420928016260719,0.419164794870313,0.422163469944034,0.429503089959782,0.43047500693475,0.418016982365442,0.388651163820038,0.340305779618076,0.273444273316558,0.212856585438506,0.191494067165501,0.294763942713332,0.339357686081745
0.334818911859636,0.316373022973805,0.284241623396638,0.30776033107718,0.300468498345187,0.259459819142984,0.157668890717289,0.227468460052544,0.309424384796283,0.357562557934309,0.386624799529002,0.403300923118894,0.412835486327837,0.418602894445757,0.420794259192065,0.418214248942681,0.409453798121701,0.392009801632105,0.361452039574092,0.311359096039538,0.248780608910515,0.259915462528284,0.282587283667866,0.294114514757928,0.323771744589943,0.361895191940142,0.391191324382511,0.408987891911316,0.41778079556226,0.420681724772598,0.419568655570097,0.414299191949211,0.403144187312128,0.384166877232932,0.356192686285402,0.318492712936156,0.279398973815119,0.247738593165767,0.210105856107453,0.231705541459633,0.278092101246074,0.305581767207816,0.316697243924153,0.325649597904066,0.362600289929994,0.391761220318181,0.41402889643361,0.428985656838523,0.436419469365359,0.437242050492454,0.433012763799347,0.425436962091727,0.416999035612511,0.430717241003252,0.445328369623486,0.456772793684337,0.464677193441659,0.469413908243587,0.471601554008358,0.471949066327074,0.4712322125858,0.46989624551898,0.467087175076708,0.460299777876154,0.446948697705356,0.425339527146571,0.395888571465167,0.361772571155438,0.330135702380921,0.317537380782075,0.3284205985287,0.33555690546029
0.353127364866865,0.328786407230686,0.301981754822269,0.277902703788524,0.254787652285108,0.247933028201207,0.230423732295446,0.24651120129388,0.292323770489612,0.339032195728551,0.375240893350634,0.40135977371947,0.419175565640985,0.430285446145833,0.435595795676678,0.435364684556648,0.429413661167978,0.417597567843353,0.400511083224642,0.381147728142257,0.366251873771732,0.361779468100258,0.365407422070672,0.372742059982836,0.382997287102218,0.395216720432553,0.406993239322355,0.41636523569291,0.422643677748682,0.425965333007241,0.426440955644683,0.423676386182496,0.416763652227342,0.404639715248163,0.386682068657733,0.362351262223672,0.330193680124953,0.286174643924111,0.233305764966912,0.250830430306889,0.306029440621764,0.345288413546481,0.371601735597613,0.392925109554902,0.413945350855993,0.433632534733796,0.450056636841989,0.462336227146609,0.470322341608216,0.474435180936501,0.475734052725541,0.475926368149173,0.477591455528611,0.482611470869677,0.489649962512572,0.496460952530887,0.501800470747412,0.505309720841123,0.507029896765425,0.507091622813843,0.505555275599157,0.502231937374738,0.496729157822359,0.48838134564792,0.476677476886232,0.461277904013779,0.442802212243798,0.422968076766331,0.404202515047473,0.388317450307428,0.374127177714119,0.357184143646127
0.372324923219805,0.337700954049954,0.290835761514211,0.239435267617489,0.242546572742871,0.23199983613721,0.184451553832736,0.202439830600825,0.273734278130915,0.326184005876843,0.365645188398936,0.394989681358793,0.41621620576767,0.430722098302019,0.439493029346975,0.443247916559608,0.442578150809499,0.43825126649567,0.431341431866067,0.423390268064242,0.41599905739806,0.410224640134233,0.406259875631815,0.403653347600829,0.401971301661314,0.401020482169474,0.400780559074312,0.401422227285612,0.403283524169949,0.406425248797808,0.410073934652727,0.412853716843462,0.413374805659587,0.410687575535858,0.404336337992995,0.394366125884645,0.381668086498982,0.368939912171339,0.361906231254424,0.366819316878651,0.382395949671013,0.401903318056152,0.421018477875382,0.438485298443115,0.45422137589363,0.468208064929108,0.480258242679756,0.490181376633708,0.497951387107202,0.503774268635246,0.508135445788917,0.511690372837804,0.515114582416965,0.518773013657899,0.522568301750017,0.526091307441059,0.528908398496738,0.530644352719196,0.531089738011836,0.530171379159695,0.527746087426289,0.523672595433452,0.517814007869883,0.509999595066169,0.50021265924491,0.488420888054398,0.474756741384748,0.459495270823664,0.442851553916259,0.424574508139329,0.403633916973662,0.378128971722342
0.405994303880634,0.382274365049876,0.357505600049951,0.333191540377721,0.308886835627666,0.281497171183372,0.255341031142886,0.276767295451382,0.313853794391954,0.347561580246828,0.376127172051653,0.399257761341865,0.417220284479589,0.430480300441115,0.43951711085361,0.444736067155777,0.446550747396811,0.445431688344133,0.441867696469185,0.436373317775763,0.429348022312935,0.421014308997573,0.411367521296432,0.40031518631941,0.38783017295578,0.374191123393457,0.360356737272909,0.348681456736252,0.344294491311894,0.35214469391739,0.367342494894973,0.382803937368513,0.395676276425149,0.405268771205455,0.411780460797761,0.415893957327123,0.41864771358613,0.421349072718148,0.425354763853192,0.431601454987125,0.440180822999916,0.450468988954992,0.461587303502261,0.472773389370801,0.483518661392105,0.493502422636659,0.502526299110774,0.510489901897895,0.517369199142151,0.523208995151247,0.5281333723355,0.532299460515956,0.535864431459873,0.53889874198057,0.541413169037093,0.54335856041592,0.544605125016999,0.545026956621758,0.544495990334507,0.542874708174811,0.540023348778572,0.535893376794063,0.530428435992881,0.523568665495169,0.515294662117326,0.505506346446035,0.494167286305929,0.481269345918343,0.466698985171323,0.450217072616108,0.431536977632936,0.410448688380311
0.445447975686041,0.431990821140709,0.418725086141934,0.406270085609472,0.395512927017712,0.387716477544254,0.384327092682919,0.386142653151809,0.392532691343621,0.401786296000803,0.412081745002901,0.422020961848504,0.430740240736772,0.437734168212787,0.442712844074844,0.445542135069769,0.446208852269749,0.444746396279361,0.441190494571576,0.435544947722322,0.427750253430015,0.417673831484145,0.405080981240023,0.389615165824148,0.370769359426095,0.347918546996403,0.320438753544087,0.288392177950661,0.297073652727757,0.320977369462414,0.345937738238109,0.368621518902117,0.387954911956223,0.4040727921888,0.417445431577912,0.4286557493981,0.438294748711521,0.446911548623373,0.454973032925364,0.46281831598991,0.470642811806217,0.478504605550733,0.486356353838007,0.494090060328201,0.501576947770285,0.508694305663514,0.515339536664376,0.521435244438227,0.52692879377378,0.531788176640529,0.536006026019986,0.539591360092643,0.542559451250051,0.544927626097875,0.546689517832136,0.547817874798386,0.548284819075326,0.548043103677519,0.547029417422297,0.545182866553561,0.54246485787268,0.538834704339092,0.534245462376278,0.528680495652007,0.522128783477351,0.514523966681414,0.50584107323185,0.496101591914255,0.485359555407369,0.473686442210521,0.461199516069284,0.448090669702569
0.478383222179994,0.472034317862039,0.466098442954348,0.460783332615907,0.45628925485712,0.452780749533915,0.450355362851949,0.449015757534039,0.448656807293251,0.449080301806781,0.450028658089485,0.451208252793812,0.452327062992123,0.453119627711957,0.453356545817692,0.452862862882197,0.451514986188392,0.449230578817319,0.445964237844483,0.44170672051557,0.436490065012366,0.430401304505875,0.423608206535567,0.416399740997573,0.409238479017143,0.402803843728412,0.397967742203042,0.395619544485559,0.396318441584673,0.40001532619026,0.406119150526181,0.413814523097968,0.422349898183065,0.431173316974194,0.439911763509468,0.448350116615522,0.456394635346773,0.46402406033517,0.471256696572866,0.478126766402872,0.484668579140356,0.490907334048277,0.496855209351799,0.502511250461926,0.507863560997912,0.512892483900655,0.517573793623861,0.521881300684561,0.525788606653478,0.529270751739258,0.532305937584151,0.534879888982481,0.536980567465982,0.538601926551995,0.539736447390232,0.54037202416431,0.540492297380104,0.54007648815564,0.5391124394713,0.537592714318136,0.535508319947063,0.53285209226982,0.52962757000118,0.525844363644047,0.521515900139901,0.516645513942056,0.51127386679582,0.505460799720842,0.499283726848042,0.492840807425,0.48625384973547,0.479670242987686
0.496318731777611,0.493817874049346,0.491399620625417,0.48909202585122,0.486917266658906,0.484890255873714,0.483017617893811,0.481297189158126,0.479718162032251,0.478261920656537,0.476903596406417,0.475614570407342,0.474362953487692,0.473118840197311,0.471857447914703,0.470560640995117,0.469218584371898,0.467831387612835,0.466410340252557,0.464978608332658,0.463571273419322,0.4622345598926,0.461024080283182,0.460001962781074,0.459232824609021,0.458779203136669,0.458696614602491,0.459027541872754,0.459797144326119,0.461010914464834,0.46265462813626,0.464696513674915,0.467091096988313,0.469784276282472,0.472721939932029,0.475846686173484,0.479102205496003,0.482436496934021,0.485802888491253,0.489159825154328,0.492471883185907,0.49570857398881,0.498843247930378,0.501852362319201,0.504714919775091,0.507412136336085,0.509926853944564,0.512243380416595,0.514347367781351,0.516225825178303,0.517867112049251,0.519261533385364,0.520401009975633,0.521278678119061,0.521889372101433,0.522230987540889,0.522302038851776,0.52210314574927,0.52163739035567,0.520909396390676,0.519925970777958,0.518696309291616,0.517232183601841,0.515545855159534,0.513650402349405,0.511568181385515,0.509325436827585,0.506951639530673,0.504479090895051,0.501942328913485,0.499377311525382,0.496820363459106
0.495493685466797,0.495493685466797,0.495493685466797,0.495493685466797,0.495493685466797,0.495493685466797,0.495493685466797,0.495493685466797,0.495493685466797,0.495493685466797,0.495493685466797,0.495493685466797,0.495493685466797,0.495493685466797,0.495493685466797,0.495493685466797,0.495493685466797,0.495493685466797,0.495493685466797,0.495493685466797,0.495493685466797,0.495493685466797,0.495493685466797,0.495493685466797,0.495493685466797,0.495493685466797,0.495493685466797,0.495493685466797,0.495493685466797,0.495493685466797,0.495493685466797,0.495493685466797,0.495493685466797,0.495493685466797,0.495493685466797,0.495493685466797,0.495493685466797,0.495493685466797,0.495493685466797,0.495493685466797,0.495493685466797,0.495493685466797,0.495493685466797,0.495493685466797,0.495493685466797,0.495493685466797,0.495493685466797,0.495493685466797,0.495493685466797,0.495493685466797,0.495493685466797,0.495493685466797,0.495493685466797,0.495493685466797,0.495493685466797,0.495493685466797,0.495493685466797,0.495493685466797,0.495493685466797,0.495493685466797,0.495493685466797,0.495493685466797,0.495493685466797,0.495493685466797,0.495493685466797,0.495493685466797,0.495493685466797,0.495493685466797,0.495493685466797,0.495493685466797,0.495493685466797,0.495493685466797
