-0.888207535333176,-0.888207535333176,-0.888207535333176,-0.888207535333176,-0.888207535333176,-0.888207535333176,-0.888207535333176,-0.888207535333176,-0.888207535333176,-0.888207535333176,-0.888207535333176,-0.888207535333176,-0.888207535333176,-0.888207535333176,-0.888207535333176,-0.888207535333176,-0.888207535333176,-0.888207535333176,-0.888207535333176,-0.888207535333176,-0.888207535333176,-0.888207535333176,-0.888207535333176,-0.888207535333176,-0.888207535333176,-0.888207535333176,-0.888207535333176,-0.888207535333176,-0.888207535333176,-0.888207535333176,-0.888207535333176,-0.888207535333176,-0.888207535333176,-0.888207535333176,-0.888207535333176,-0.888207535333176,-0.888207535333176,-0.888207535333176,-0.888207535333176,-0.888207535333176,-0.888207535333176,-0.888207535333176,-0.888207535333176,-0.888207535333176,-0.888207535333176,-0.888207535333176,-0.888207535333176,-0.888207535333176,-0.888207535333176,-0.888207535333176,-0.888207535333176,-0.888207535333176,-0.888207535333176,-0.888207535333176,-0.888207535333176,-0.888207535333176,-0.888207535333176,-0.888207535333176,-0.888207535333176,-0.888207535333176,-0.888207535333176,-0.888207535333176,-0.888207535333176,-0.888207535333176,-0.888207535333176,-0.888207535333176,-0.888207535333176,-0.888207535333176,-0.888207535333176,-0.888207535333176,-0.888207535333176,-0.888207535333176
-1.06383738160776,-1.04266046433037,-1.02080776078954,-0.998469294391074,-0.975813295001862,-0.952987870619605,-0.930123025958608,-0.907332901081084,-0.884718134235335,-0.862369264383602,-0.840406525176394,-0.818921225087673,-0.797977317688721,-0.777634855837813,-0.757918989138656,-0.738750170059141,-0.720215020613477,-0.702429369870021,-0.685524496563598,-0.669606712830067,-0.654779153737876,-0.641144473396654,-0.628803556273471,-0.61785417359244,-0.608389629903691,-0.600497438758275,-0.594258060188811,-0.589743726800027,-0.58704218261193,-0.586305708963138,-0.587390442799909,-0.590290172283188,-0.595042486025898,-0.601660754055051,-0.610186000000811,-0.620763728059486,-0.633379819739861,-0.647978540729518,-0.664485004880085,-0.683005986856024,-0.703493712941127,-0.725697713789372,-0.749490871946076,-0.774732062243863,-0.801258874760886,-0.828886524585921,-0.857406582488934,-0.886585576229833,-0.916163583365224,-0.945853038878217,-0.975338120398955,-1.00427524757849,-1.03229541725674,-1.05900923192644,-1.08401545606486,-1.10691361306215,-1.12732042293596,-1.14488886243036,-1.15932763616918,-1.17041832599909,-1.17802769056865,-1.18211340392186,-1.18272262119566,-1.17998386587976,-1.17409368184583,-1.16530013168353,-1.15388540703574,-1.14014952304094,-1.12439644575195,-1.10692328770882,-1.08801260717037,-1.0679274600001
-1.12186363726778,-1.0799497465668,-1.03839154695359,-0.997468779824035,-0.957354462153667,-0.918126005823797,-0.879765655218678,-0.842284271181175,-0.805426005148176,-0.768880257544507,-0.73294655175614,-0.697209539350254,-0.661832314878047,-0.627246906476761,-0.593668127988306,-0.560913001220438,-0.528973412901474,-0.49803256957404,-0.468288963238249,-0.43995056066847,-0.413235387630979,-0.388010148170624,-0.363101210015949,-0.339109737699873,-0.316189390553231,-0.294785605210829,-0.276362989716408,-0.26161508792924,-0.25102018064367,-0.244602799086558,-0.242315918835157,-0.244094522136436,-0.249860286254615,-0.259526204487245,-0.273010020408753,-0.290208613377044,-0.310923571256603,-0.334821003037617,-0.362508006879312,-0.394563059377116,-0.430986641614359,-0.471673502366852,-0.516381168603714,-0.564586750347162,-0.615852383003438,-0.668908372508264,-0.722881786420652,-0.778659770692857,-0.837224502233561,-0.897771732251824,-0.959962894990948,-1.02339272479073,-1.08755773651624,-1.15180438762987,-1.2152348739564,-1.27650927742044,-1.33339495980928,-1.38233613693931,-1.42043343401587,-1.44682731825381,-1.46058395191697,-1.46130265031333,-1.45045049112119,-1.43023636350916,-1.40294261465304,-1.37042052899953,-1.33425491869701,-1.29561429886953,-1.25534175211284,-1.21405407557792,-1.17221360951293,-1.13017568983583
-1.06113674700329,-1.00771037747299,-0.9556968333104,-0.905248187977628,-0.854594167978001,-0.803858995215485,-0.75467652314422,-0.707460195062044,-0.662261945210009,-0.619632061729808,-0.577930122413948,-0.53581734957251,-0.493187599560314,-0.450058430449559,-0.406572283579352,-0.36298235944864,-0.319972190441711,-0.278448790937538,-0.237690281449783,-0.194649646050161,-0.148549957726391,-0.101388651042358,-0.0563918709786967,-0.0170365199610741,0.0161489377260894,0.0428180303409788,0.0622517545026734,0.0747390031717545,0.0809437259938895,0.0835456420202213,0.0815631695205681,0.0746782548459974,0.063583253569109,0.0486133416933975,0.0299408304583674,0.0078057913196129,-0.0174948230588311,-0.0456254253981981,-0.0757549710491342,-0.109524976026866,-0.148411197347851,-0.192617118431725,-0.242068724858058,-0.297134115638158,-0.35798329135249,-0.424857866849301,-0.49802213479388,-0.575525216569018,-0.654187354211875,-0.732221639265552,-0.81404866517475,-0.898579558802791,-0.985539318326406,-1.07455393373443,-1.16508934553902,-1.25637223042502,-1.34724050755367,-1.43649354562173,-1.52392182860478,-1.61060210924637,-1.69166336589074,-1.63982434783124,-1.58276094198977,-1.52537254881891,-1.46785594445447,-1.41033258226079,-1.35290641731188,-1.2956854051945,-1.23879612641919,-1.18239469665862,-1.12667220147387,-1.07185125964934
-0.912528188355075,-0.855076842511369,-0.79551786605994,-0.73678737016934,-0.680536429072665,-0.627490809520569,-0.57864894430904,-0.533099538981701,-0.490731489555323,-0.450977330406167,-0.410906056142834,-0.369246897719781,-0.325659733399865,-0.279278126704806,-0.23025217045277,-0.179215888238161,-0.126939724527818,-0.0725975715285123,-0.0109742322540967,0.0574509570567403,0.126518245167106,0.188281218381022,0.24169744398373,0.284576886237578,0.316681195820705,0.338584273887235,0.353672587278836,0.362432298492548,0.365029522157604,0.361505863376013,0.351523939822221,0.337414408770836,0.320718995024853,0.3000421149732,0.275649916698739,0.24808729396917,0.217934595596894,0.185715987204889,0.152561919645812,0.117444525944793,0.0774429640223359,0.0330986359480652,-0.0150240825663077,-0.0670130306562416,-0.123050472296702,-0.183344019242865,-0.249949673622511,-0.324575516524862,-0.40561117675004,-0.492547192480562,-0.579035127965722,-0.667623651208429,-0.75809750584591,-0.8496658469064,-0.941470552091872,-1.03223048170774,-1.11963760261709,-1.20126330407188,-1.27459161333907,-1.33234495687118,-1.36813847774831,-1.37922291952905,-1.36832304249644,-1.34111487693588,-1.30292354277961,-1.25752546881782,-1.20732176481129,-1.15381679614805,-1.09799896310149,-1.04061205937692,-0.982353897651813,-0.92400341252711
-0.708308543663654,-0.64045652451045,-0.574036100991307,-0.512264465136257,-0.45872308486893,-0.413038099622442,-0.374090655175423,-0.340399167982849,-0.310324700461716,-0.282815480541782,-0.252592277795257,-0.216631267725648,-0.174229360749662,-0.126150851554262,-0.0732379467359404,-0.0159498293336563,0.0468032745480386,0.124323494016972,0.21459097942132,0.302925552498617,0.381085974977995,0.445783795155945,0.495513642505717,0.535656065027494,0.567535854432018,0.591157184803305,0.606769123845266,0.614665226336178,0.614011520044964,0.605281366582503,0.589337806564361,0.566966763997274,0.539099465497359,0.50946659555527,0.477518051560561,0.44371321221357,0.408491837280506,0.37320538661424,0.339579872045035,0.306207657107032,0.268566200379372,0.22757478367906,0.183444926072042,0.135960545004912,0.0848777196582619,0.0299378906858273,-0.0291352766111624,-0.0921864778893678,-0.155449490071938,-0.224179262332375,-0.301338480137763,-0.383231633723926,-0.46879474210202,-0.557016257744572,-0.647589843464792,-0.736450259137293,-0.821184971420278,-0.900226878715253,-0.968272257742926,-1.02231921774564,-1.06012463732284,-1.08084184161017,-1.08516715902665,-1.07503896202639,-1.05306234497103,-1.02196273811928,-0.984227683488938,-0.941145522194318,-0.892779203658356,-0.839688304516007,-0.782461347347857,-0.721414056478739
-0.461721268411285,-0.379160809630393,-0.304529068211435,-0.244990510275053,-0.200314990981015,-0.168742883658341,-0.147866686574313,-0.13509194022549,-0.12775610058412,-0.125213004662283,-0.118584482766146,-0.0976462944774019,-0.0587566983057964,-0.00679246691259482,0.0522764419472814,0.117388070454142,0.203959912470405,0.310663923816486,0.416816392500079,0.514035934460088,0.591437250446611,0.6554202783468,0.709751413139068,0.753592186742391,0.786621160979015,0.809101577269225,0.821671110235565,0.823322252356197,0.815011091464619,0.798408543369811,0.774866377656218,0.745292947265874,0.710239667611463,0.670240685885582,0.629019972863715,0.588195069620311,0.549789790742101,0.514280261209582,0.483578952462523,0.454370719230378,0.421785132053497,0.38705755069339,0.349980460640711,0.310163975827298,0.267262523660905,0.221006210548124,0.171208047925354,0.118011442130322,0.0654261648114732,0.0168679444693188,-0.028872210741068,-0.0848970820680649,-0.157895782205301,-0.246537706972544,-0.34069433216495,-0.435752057618508,-0.529596949257456,-0.614742925223706,-0.687189765006432,-0.744300612609369,-0.784688273765004,-0.809099324285462,-0.818426117609619,-0.814041256867856,-0.797806216024331,-0.771862651391993,-0.738523326783267,-0.700168034156716,-0.658694110990374,-0.61191101196164,-0.553665960532969,-0.477830720452215
-0.176281842050055,-0.0618877326069038,0.0173320237374927,0.0641555709278276,0.0848665249357839,0.0871799554287387,0.0777976589462543,0.0589230681987886,0.0330162061959751,0.000821740619730079,-0.0329405192430596,-0.0426418286553295,0.0120915787096197,0.0723164532391127,0.134504777804195,0.218817449452203,0.335959542088741,0.459172988275369,0.574398207568855,0.676625115070484,0.767196734872993,0.840164068529566,0.894539535155058,0.935283467290302,0.965628019212,0.982537027527346,0.985789941703672,0.975525926708192,0.955051037335299,0.927463663822722,0.894623198891779,0.856162549527078,0.813714917845363,0.768654869021792,0.721764439125514,0.677310750715213,0.636915289240559,0.603578121422878,0.578293989199594,0.555113581086237,0.530394509542132,0.504739978543663,0.477329318743764,0.447470560209444,0.414618629415161,0.378420487597951,0.338785913197456,0.296524808180785,0.257340027440366,0.225410049079026,0.201427079984743,0.178110267210996,0.139183805364543,0.0608745549172301,-0.0442653435270166,-0.158570383515582,-0.267012875589636,-0.362268064961026,-0.441391893788969,-0.502958379434607,-0.546351821769418,-0.571683239919012,-0.579967853999977,-0.57423449060389,-0.556383578497605,-0.52785971682169,-0.490012373840301,-0.445257467287784,-0.399667899913074,-0.359913876214285,-0.305035488399457,-0.201056875462843
0.261848268812742,0.36240668064263,0.383368309539913,0.370937227955077,0.344461908580845,0.310412865937628,0.266070949783354,0.215715374483784,0.162989083708398,0.108357949743164,0.0598258134266611,0.0396165376911391,0.0569823144468304,0.104459103356811,0.182336182316296,0.297886157592241,0.420771601619344,0.540379505328217,0.659284968744744,0.780348170916312,0.892106998609937,0.982758513614582,1.04833617427107,1.09305302876923,1.1132221165287,1.10642299240257,1.08878527133676,1.0593168909634,1.01411231812457,0.958958539642196,0.902887928822775,0.852965065383626,0.809186889241177,0.762588074049871,0.711208753909249,0.666689395623419,0.633877169386487,0.611546683144489,0.60535006170427,0.601025385422867,0.590652237659522,0.577038675790843,0.561755586473102,0.543823433759188,0.522346211997467,0.496635833454429,0.466351517555998,0.433040979210591,0.404195195393634,0.383690343213571,0.375106429005969,0.381420011047109,0.387679445532122,0.351383989390139,0.216004687064018,0.0678361914540295,-0.0551382706220057,-0.156805225777224,-0.239132109800666,-0.301794141929872,-0.344436801206715,-0.367577664522691,-0.372638277298185,-0.362134484242642,-0.340505234047269,-0.30822447984477,-0.262213740263886,-0.196010599272336,-0.100880849143611,0.00821749017999285,0.0178870436695445,0.223765485152326
0.883644210611694,0.765416840936744,0.679041318719387,0.606534297180343,0.53592126910166,0.465595749632853,0.392118802184539,0.31577501043333,0.240771058009425,0.168387706258513,0.104636050652652,0.0661154337346717,0.0688136741182122,0.0968512981454188,0.176387556322843,0.298775903938525,0.426919680626888,0.552552907059349,0.688908126719806,0.833476783511734,0.975649346573285,1.09967532289889,1.19190630570832,1.23798311984684,1.23987647529465,1.2180545037714,1.1642618748249,1.08102419773044,0.994510951885932,0.902669453735668,0.817114903499534,0.747937225677506,0.705487403004835,0.661303981813796,0.581582927100544,0.540596495900376,0.53210273552709,0.530178070498382,0.546048050176136,0.57222762222255,0.591743540511278,0.602071159774175,0.60136452244882,0.597456519314319,0.588931631840613,0.574497645472308,0.553169047750472,0.527376138440221,0.503750366297724,0.478695852522715,0.451699518341442,0.446819527737501,0.506732244017564,0.504379211875416,0.372404108492506,0.216962533936966,0.0991940246392725,-0.00140579013390532,-0.0828065926008835,-0.142624610663017,-0.180189137059523,-0.197012156236553,-0.198683460909776,-0.1864277306525,-0.162446566007579,-0.129943377041743,-0.0912819039534896,-0.031845547689731,0.112953510203216,0.497535055313988,0.908854190360099,0.910926898420102
0.962057257875413,0.884234570345713,0.78939380743566,0.699103539962354,0.613159893356461,0.518862402993673,0.424158185083377,0.332141733497012,0.241993035385578,0.149957049944153,0.0698579083580844,0.0252370959328327,-0.00330141552211535,0.0208706964053848,0.111888551206343,0.227519759622582,0.365404746230592,0.521737719838753,0.681270697192869,0.852237625236689,1.02529407330676,1.1838925376634,1.31519493954509,1.39344327733413,1.38809728976292,1.32131583891884,1.21599190713926,1.08793959036535,0.946752337442689,0.813627835035228,0.683721188277083,0.566784712864128,0.472160895605388,0.396371009264311,0.340632460203795,0.32795944298825,0.363538540429968,0.443702792089643,0.452477924683276,0.483332158544041,0.526811213081192,0.56693474213723,0.594655619758749,0.607549045766957,0.614283679760232,0.612922609309771,0.601923162013494,0.58636606787179,0.569745608358276,0.538838704898419,0.494192692121507,0.447613410346288,0.459843225603273,0.466135844359519,0.415311622748549,0.325711313166133,0.20992933210462,0.108805081471509,0.028967005833465,-0.0264075397320639,-0.0574144346006695,-0.0691302888673095,-0.0630772815252275,-0.0424639044791723,-0.0142080874034262,0.0140245449699077,0.0389750026183394,0.0639400723337563,0.0911056958192563,0.414054224912356,0.891593690368716,0.970297282275498
0.816129866056371,0.796237690867958,0.731811604769452,0.652840374551057,0.565507890618069,0.467835773120409,0.363570689977081,0.265352484619357,0.16695678507372,0.0695196664803073,-0.00438616151021515,-0.0854291232906051,-0.128838334219713,-0.089663712401614,-0.011837170078615,0.105378090046502,0.257660008825778,0.437113979778077,0.628054911686666,0.825256659538138,1.02932018431556,1.22211613038363,1.39560303713784,1.54734106202703,1.52588618142315,1.40626597403677,1.2537171220726,1.07710246039235,0.891992940496233,0.71160149949146,0.532758224042323,0.355565409034779,0.193518542738709,0.0937152540085181,0.0782626674493877,0.110313039683214,0.176990971674336,0.267496546364678,0.343942801843657,0.407288493885063,0.470608193110066,0.525352894337325,0.5643105866437,0.58623226245442,0.603521580794605,0.617696167283935,0.620242844912898,0.619090517297602,0.611036034038539,0.585467352085191,0.551382937526165,0.521390644085438,0.499869863637676,0.47347779164367,0.42739123714594,0.369439260063077,0.27727369969488,0.175931828420646,0.0957610602675588,0.0437813969747074,0.017046693948562,0.0144748526992524,0.0326856807087954,0.0652109305577294,0.10209725707465,0.138816559325588,0.171814535826393,0.210468805808267,0.290491778210071,0.478998327765666,0.707616671724267,0.810320852051923
0.62628362754643,0.613824908490908,0.566777990016678,0.504417694853312,0.428420087907148,0.342972970638853,0.250247501643622,0.149440801179075,0.0460454383342107,-0.0366897404057128,-0.137701018234692,-0.245047459145506,-0.275722151971282,-0.252597396010521,-0.179200430573356,-0.0591440455824042,0.106533025217312,0.30647395916645,0.528868177242836,0.752562646520005,0.978692953800595,1.19488076398559,1.38606243194632,1.54009382837363,1.56481524622482,1.43254862525043,1.26205114976671,1.06156179214029,0.840185514798459,0.62218875157719,0.413185653698068,0.20431981068416,0.00744864236649086,-0.110850634254913,-0.0829344491651606,-0.0304542389738357,0.050081589096842,0.160934892515039,0.280662778167113,0.387738280781346,0.472292891073811,0.539788031433075,0.582253846436447,0.59953203410467,0.598125734500481,0.601537415046572,0.610191194392665,0.619905577799428,0.621928558953735,0.605800793408463,0.580879571574978,0.5517802248825,0.518239226643801,0.477113197165971,0.423596094122577,0.3637370779816,0.296680810369353,0.201641827141188,0.116787134239646,0.0625946528672442,0.0417381006029391,0.0517380937874748,0.0845987143092462,0.126981926064823,0.174471815473462,0.2296489626154,0.290159524648764,0.322162295426449,0.375763713076578,0.474380677199586,0.573404093722583,0.623021754235686
0.407965271627227,0.391958192624318,0.358342091918868,0.313601874479205,0.253362388369255,0.183358311334671,0.100327064425578,-0.00222901041520479,-0.101095522131417,-0.184347672750725,-0.312074158648323,-0.408431182738193,-0.453267712882044,-0.445617572668929,-0.382174601032912,-0.259670194198721,-0.0807722019540173,0.140884478472696,0.388629200291559,0.640010146043055,0.885340683202749,1.11516081183249,1.30758919102321,1.43837805473174,1.47317104795296,1.39193043528174,1.23710709378815,1.04716766739335,0.82021362719411,0.583127122442658,0.365583101820138,0.162381216278083,-0.00292304746156708,-0.0920693535658637,-0.0926213312602017,-0.0430349228078707,0.0353291522291073,0.150058658361654,0.301912164889546,0.444815299643327,0.545133050766249,0.606194014724301,0.638454987999366,0.641871246479515,0.621906702597741,0.60652253140974,0.606554475421478,0.612093058124104,0.612886240885951,0.597809330790785,0.574389698186171,0.541640932864509,0.50229884080013,0.454809064238654,0.395805917157726,0.329924181055903,0.264485019752559,0.184330433350513,0.0915073476493332,0.0281473632704586,0.0164723460120727,0.0442866281748635,0.090338546069641,0.137757826467548,0.185669599872445,0.244795661918423,0.30286663587147,0.315823859426024,0.332118584437932,0.369881119727383,0.400270790059728,0.40867903490821
0.182390570154894,0.162278537730465,0.136601798479231,0.10520661195414,0.0597643136888606,0.00292467026103196,-0.0758668237453382,-0.17760495231871,-0.264528836850401,-0.362919006388383,-0.482604721210565,-0.568571317474078,-0.634612303647712,-0.658569830326748,-0.613124354910422,-0.485817198847257,-0.290064541365607,-0.0458718294364904,0.223682208292561,0.498231655118765,0.758969576099658,0.998203903831935,1.19197683696917,1.32956784819119,1.38040383983464,1.3319516098262,1.21453683293881,1.04836872627625,0.832158841641773,0.588919172024591,0.380159849803792,0.196167296442353,0.0551959033292896,-0.0175515666520029,-0.0118784239260058,0.0550251866572391,0.149037061291733,0.27923666778199,0.43717008453023,0.550696511287496,0.634753224311336,0.676930443516452,0.68392317436457,0.663787895922115,0.623697273251915,0.58783092921037,0.581101597732946,0.593899155293046,0.609689088858936,0.596386602210193,0.566320541463701,0.525513360665825,0.475718505760921,0.417589245040928,0.35127007972456,0.277718524657935,0.203831619493629,0.131656093924286,0.0305213694347215,-0.0581578626275511,-0.0461731199799774,0.00691030879185978,0.0618354962498831,0.107311700259454,0.14971523518447,0.190575485076843,0.215578902461988,0.216216131970037,0.211765806938342,0.212578030320017,0.202564662544032,0.185785386133128
-0.0439239162182201,-0.0684789461360009,-0.0863908365875589,-0.105958324905089,-0.137118380248804,-0.184046138267592,-0.258693920966513,-0.362339541268132,-0.441020850514856,-0.537283979718007,-0.614423290160968,-0.698504087600259,-0.793255591065989,-0.867713264399392,-0.840281620740269,-0.688374394173775,-0.470756808629793,-0.213142125644401,0.071479083547184,0.366524627962475,0.63903772543131,0.872886210087632,1.06310137525079,1.20842348597659,1.27783897331991,1.2715894880733,1.19117453530989,1.05271773004325,0.858211558626214,0.623457762497794,0.419130485679489,0.248002004076717,0.115922355673013,0.0559413411772262,0.0946755889334317,0.219494703324981,0.366660096117301,0.505212544070429,0.630336839225177,0.716100661593561,0.752885010512794,0.761953846370295,0.738755616537505,0.685630967431444,0.618199750805577,0.558367892841718,0.534421380017173,0.545749938856335,0.571543924617447,0.588095783592055,0.564415684198339,0.517662972803917,0.462691228109144,0.401735078254135,0.333171337364182,0.257461610025657,0.177930037942143,0.097145559716193,0.0119935927124837,-0.10121937312519,-0.070053962849827,-0.0070092683845031,0.0461112828308332,0.086015952792765,0.117257810228467,0.129684255773439,0.122703895070009,0.0974360181927059,0.0687753839796748,0.0406704939984078,0.00124534178080818,-0.0376902332509669
-0.255324806501518,-0.285222460173969,-0.296617245217637,-0.304935953019532,-0.324126645579444,-0.359818735059237,-0.423951790807593,-0.533758667349796,-0.619539129201532,-0.648569786444962,-0.692143500138463,-0.777062528552212,-0.874098718922034,-0.977609194898904,-0.980932680552225,-0.811708307309932,-0.585174752867005,-0.33468268416027,-0.058051855634707,0.274328022397301,0.565468889057719,0.785058591252321,0.961877626426127,1.09968270515339,1.17599052040631,1.19200191147771,1.14484571392673,1.03210226495261,0.863843148145239,0.644398868761006,0.458161258355287,0.302379657318371,0.171511506631864,0.111612372084869,0.201253212155414,0.395273548957579,0.582188257257729,0.738877661164984,0.848495536490371,0.902950658508621,0.901372336706402,0.852926437021161,0.794850916227736,0.716470372788415,0.620042316723659,0.539725074079142,0.502725101729077,0.507395019846965,0.536179103149501,0.570227326547244,0.573358975442604,0.537215899666278,0.48302956276974,0.425309478740284,0.360250676577597,0.288355312709548,0.210809828452873,0.135216347475357,0.0658766601301648,0.0248744943092799,0.00991975633296367,0.0244203345701721,0.057081977992267,0.0897812264007824,0.100232354367052,0.0873114835485303,0.0479029407708248,-0.0148520538301837,-0.0730451691947428,-0.122882595983358,-0.185653426339396,-0.246058135941518
-0.442190098670181,-0.462114782599819,-0.461206363427634,-0.468910561924441,-0.489591614175103,-0.52208610055301,-0.563685342686704,-0.641896765499948,-0.760113669365595,-0.67971503986911,-0.721537118973377,-0.781143695965118,-0.83619878103582,-0.874807334880156,-0.886790911357018,-0.809036192700538,-0.588373852737122,-0.364999695530924,-0.198597984198835,0.266826906648937,0.551466608559745,0.739923597176732,0.894840473601984,1.02009337116661,1.08291306161593,1.0918365057043,1.05843890105638,0.971622744826616,0.848766950421524,0.67545886857608,0.52236198115083,0.384290116380674,0.249614803702141,0.141606379029821,0.297659859694643,0.570702752855057,0.798450453406987,0.966314807529642,1.05953665961362,1.07007295497436,1.02080892067032,0.935546831519888,0.835169688124464,0.738636404301622,0.63620285191023,0.547231276913803,0.503094724318655,0.500540731561154,0.530796167510468,0.575014440081134,0.609937473395283,0.610396063839279,0.56293078849232,0.497827567342451,0.429834943903593,0.359804591666349,0.292998903153229,0.237659553677469,0.190952340654218,0.163274149645428,0.164030164612361,0.155636270200555,0.136560450405982,0.122840716736551,0.115411511877937,0.0784602511885002,-0.00138819477035294,-0.117037460900946,-0.206991050670218,-0.259332144897003,-0.339925808000877,-0.429258556177834
-0.568585326579468,-0.563574758395864,-0.55511589400619,-0.575482776223087,-0.617268921988197,-0.669244847798025,-0.635558619588436,-0.607337640493478,-0.475597915767857,-0.611446923334694,-0.667513603647877,-0.701916136561982,-0.714543068151134,-0.700940727878267,-0.668019306839774,-0.648825752725758,-0.472256837716052,-0.240557209713856,-0.331107477716457,0.197728722067494,0.57434185146179,0.739406508189505,0.858359737019973,0.956259877329286,1.01725159384319,1.01576280082727,0.968772615742803,0.905320901783406,0.836602996647809,0.733091466598002,0.640121972620552,0.542683012312257,0.46012535439715,0.434142023028621,0.525179462975031,0.769970245768348,1.01815609078785,1.20630256205014,1.28386131055699,1.25207742733239,1.13994377569584,0.993694602607847,0.84418826470316,0.724564423770831,0.63051624164526,0.564651205010107,0.53361367224326,0.526238323652568,0.563644160035777,0.632284701013472,0.69522163539017,0.718796349669776,0.696935127785964,0.625363380062297,0.550893875676113,0.49036458039957,0.440935373182098,0.402096522518139,0.372665117314259,0.347023880836402,0.331867912982604,0.328443322645739,0.298350228105525,0.241086597206107,0.180570320420415,0.110219687520045,0.00870301972250839,-0.144373769042723,-0.288968700165387,-0.33452983745205,-0.426844504965894,-0.546087035502254
-0.530342716317732,-0.563250437851174,-0.586071865203032,-0.625347230025382,-0.69077640414625,-0.653140922139449,-0.621818920908599,-0.591273374602913,-0.530609397643268,-0.551462869001391,-0.571302516888626,-0.566481698998248,-0.542837562725882,-0.514013752146693,-0.478579838349733,-0.362012134443405,-0.239072703340954,-0.181467892586029,-0.146757686754266,0.388059554756078,0.661894339948095,0.791917712931457,0.870388451428635,0.934738295645018,0.972279129916574,0.961417253116764,0.903125172211334,0.83314344589361,0.799142399515841,0.760243289423765,0.718720009911652,0.736949017535062,0.75171896744105,0.7332139545298,0.816987984378744,1.01748834094379,1.27767340544303,1.50292915960066,1.58015248990905,1.48603039066934,1.27660657054082,1.04431936918651,0.846392351825493,0.712941625523789,0.620821393316518,0.573228545133589,0.562876964278561,0.579465499900089,0.647933632984414,0.737361666950083,0.826726050990044,0.870539409531047,0.862453683834905,0.813451560452514,0.747675327278352,0.691912689292896,0.651252412463629,0.620320886034125,0.59205229512102,0.561396063278195,0.532467907777886,0.504176797226786,0.470152610498773,0.412421923956158,0.320324676512474,0.204459733518302,0.0815287738826123,-0.0623249523284957,-0.2180131504649,-0.332555166369855,-0.431159240452467,-0.517745404170698
-0.426634950374051,-0.480853124546125,-0.530042772680542,-0.572987745472536,-0.595732069107192,-0.591991136622551,-0.584623891296184,-0.563157531143469,-0.501407655743321,-0.477094656118478,-0.44302045942486,-0.387914369191154,-0.318243059550941,-0.243249252981121,-0.149761484831802,0.0049274261165945,0.14186573523044,0.240264674439246,0.375379374283156,0.622383457241352,0.81687491063982,0.902179334293193,0.936975128881047,0.967660717051929,0.964333699250514,0.918020043201457,0.845557942913123,0.767419442226753,0.718284768268067,0.692808545885146,0.72886192093195,0.813120964550673,0.896915255675065,0.950334980850233,1.04777092335909,1.23619025257545,1.50897438155435,1.81953125775843,1.86262319661035,1.72801944676548,1.38721272876683,1.07944078219528,0.845248457035372,0.698078847083527,0.625035407495138,0.603552938329242,0.60744088154394,0.665219855297021,0.762588336000061,0.882801312403462,0.99199709459662,1.05783745785659,1.08099422846286,1.06235032052154,1.00758678931253,0.954079347129589,0.909019824475159,0.875411232718744,0.838363152101922,0.796414496464171,0.756867330455608,0.713211723694801,0.647200847328999,0.562358243154988,0.460761588152135,0.343382113424346,0.210558658584612,0.0688294093140499,-0.0863027508580795,-0.228485443447958,-0.339669608322147,-0.414506977876392
-0.317746388849767,-0.386028925354048,-0.441720647329596,-0.485300199114492,-0.512361079072032,-0.521742612448674,-0.520513305903066,-0.504979030328413,-0.437626872360084,-0.371189854718711,-0.28901589794606,-0.182237916407761,-0.0522062687738059,0.0986407336935121,0.270127177190338,0.455261121314686,0.625212024812231,0.763924420965485,0.886759440847579,1.01082966561812,1.08402968434702,1.08479647514295,1.06421380357707,1.04344850769077,0.997499447560412,0.9112259318642,0.800567279455131,0.707631251429741,0.64740744121696,0.624420229469307,0.701535058559473,0.834835100045722,1.01325624832974,1.09801517472193,1.18111672794642,1.35122821151198,1.59404290580393,1.83228819776357,1.83903371651281,1.73526478764552,1.41242247655344,1.08015993702992,0.811583961717931,0.665794901352817,0.634708926262402,0.660048570928902,0.706878487861434,0.800717788994886,0.909544523509261,1.05011093617902,1.1732270543551,1.26345016642344,1.31940574791025,1.33445465563482,1.30202021726841,1.25384888356023,1.20803584814582,1.1589781356599,1.11351480332046,1.05711344225445,0.996622293263913,0.93132765830028,0.84246080206513,0.727802042523066,0.598890538024687,0.460260199203129,0.318398920017623,0.176535012238724,0.0397135798318364,-0.0983895879498323,-0.207983321663415,-0.301663618837116
-0.182245612584299,-0.258922498299329,-0.315609413516577,-0.362811053359618,-0.401080664833777,-0.416552443749309,-0.413506252190123,-0.396763562269017,-0.319163497907114,-0.215301285247287,-0.0985981833481275,0.0545308623356083,0.242406436850533,0.460161115919868,0.696529993502425,0.932278422224628,1.1468666049944,1.31912053783682,1.42682114464559,1.4608275674479,1.41869950676588,1.32989482213154,1.23964751761806,1.1586829560171,1.07240378077964,0.949886756090171,0.808590386627163,0.691910461973892,0.614671111683358,0.567223221545769,0.640659892912313,0.784467112297249,1.04122250558865,1.09702491629118,1.18476260553064,1.35490472047111,1.55727025573818,1.70779698783693,1.72981874542015,1.61994872001167,1.38306138615964,1.06072260922929,0.746399174184894,0.613633979465553,0.674163394970748,0.77763303375906,0.88580805131053,0.99714105006942,1.12673396178045,1.26755065045305,1.39765167451664,1.50720006916363,1.58239686601027,1.62560828247185,1.62572267395891,1.58758097677845,1.53513461815207,1.46801466190275,1.40162166489577,1.32776643857683,1.24519434570672,1.15259015359879,1.04379554676899,0.905838642381579,0.750270840936513,0.589855681407889,0.432236730677799,0.283447597508533,0.154350619720247,0.0420501314390173,-0.0654398780588957,-0.164336969174895
-0.0101627228176754,-0.0983919545156885,-0.163468597105349,-0.214524916973399,-0.256458278960476,-0.275143904094536,-0.28113987046208,-0.250753265701552,-0.16562530952915,-0.0368686062812572,0.117596644222412,0.312050385441083,0.554040870903782,0.828110740662395,1.12019489885424,1.40847650329781,1.67988588898965,1.89889990640159,1.98903303345706,1.92364655119055,1.7632834653145,1.570532205543,1.41559644872083,1.28339753712538,1.15187751646781,1.00214180576322,0.844319320398021,0.704172923682512,0.57772575589168,0.505252751989945,0.540542239990229,0.65186808049147,0.739218002742695,0.90123525979895,1.07812190234503,1.30910012570846,1.52405602484731,1.66212125915661,1.6920100972704,1.61003780767062,1.42169077062867,1.13556234202693,0.748623037435706,0.626790239984213,0.854430679326747,1.04181644340252,1.18934838757284,1.31187559483327,1.42707335214661,1.5459576700801,1.66591783335026,1.77260691615924,1.85943974407436,1.92140562337001,1.95297038033629,1.93739333611536,1.8812003627366,1.78660217621657,1.68199649340118,1.58746847554988,1.48802420049457,1.37477660215453,1.24400416306615,1.0841712510263,0.905458538439562,0.72825126718274,0.562340217350555,0.418546878583543,0.305715662458276,0.216266705663324,0.110722746954603,0.00917165636104927
0.176523654112341,0.0846878960598687,0.0114975067203597,-0.0415122692884029,-0.0752885384089262,-0.111404304785313,-0.121095280968553,-0.0828849589823974,0.000192077515627831,0.139449458791904,0.327384341082167,0.565653735800918,0.85836920989689,1.18273573970783,1.52030283718674,1.8547738413426,2.18110189179995,2.46878053994795,2.53970980008447,2.3141120926871,2.02562287224327,1.70169024814364,1.52134650992647,1.35785911654138,1.19159574613446,1.03408226554749,0.877837038839485,0.724438204397031,0.551075693376079,0.452909033272573,0.448259866441514,0.575804394180409,0.690495662106703,0.755432316194884,0.954929946655869,1.28836476307049,1.54212748659616,1.70126687220218,1.76224197755893,1.72510925464926,1.60424281398448,1.42978475049371,1.2665685714668,1.20072011361225,1.29059860290681,1.46255760491613,1.61666848289543,1.72258889447285,1.80325934498805,1.8839911863939,1.96220983215457,2.04252184184178,2.12604525671209,2.19910242832892,2.25795597221615,2.27797955990503,2.24196595089731,2.08506585677106,1.92645890600622,1.81563217185734,1.71211529548266,1.58804217296671,1.43446574523226,1.25849757854021,1.06414895826242,0.872962023641184,0.709324077192779,0.587354566751948,0.495564569038829,0.407755675187127,0.309013456742538,0.197022987303247
0.35219638058353,0.279631367530133,0.212717568744621,0.163397758765715,0.133523722722231,0.0908144113224597,0.0759438063747927,0.10202449941018,0.166493502220046,0.285241872142378,0.487850681113646,0.788936508300244,1.12852187614899,1.4865902504592,1.84352378419924,2.19597128936305,2.49300510227249,2.71274230701913,2.74136981996771,2.48337250567374,2.16541918153733,1.85433473920238,1.60103689311517,1.39283114649472,1.20513259542692,1.04917045586996,0.918803619434145,0.763356604984785,0.586734189316882,0.471171115708395,0.494646145022526,0.649675806430137,0.793095737656802,0.916087938869104,1.11899380337671,1.39974066191611,1.64463512160955,1.81437944576086,1.89676333165873,1.89914128766069,1.85465696469978,1.80194854243987,1.77525627374346,1.76732809298475,1.82079265433111,1.95277997797282,2.11572148416433,2.18207443811018,2.21730916719696,2.2599706145487,2.28027897130548,2.29973209295575,2.35725722362475,2.42768480752005,2.4913713426697,2.54589692299296,2.58624851792787,2.30223021456347,2.11194854075161,1.996158243606,1.91489286017167,1.8017223075277,1.62513521330358,1.42114127401434,1.21600075103854,1.02256408873453,0.859577365413932,0.758175928929561,0.694044669269231,0.599954359159178,0.518435183292673,0.370275674547553
0.561534803837808,0.496734688830397,0.446739444229474,0.4108112646112,0.370247367482685,0.340061280380563,0.326988568041789,0.332026162500548,0.356025377176794,0.398051971759244,0.599941121068973,0.956197539586482,1.3160674973905,1.65617735521521,1.99870043005984,2.35240809854529,2.58489316492148,2.53273655645584,2.58426269153139,2.38478430175246,2.11369181700462,1.83263954715257,1.57518926188222,1.35384512765928,1.1716577061745,1.03873411009297,0.942869423042939,0.846469095964134,0.729830230354054,0.551902120939265,0.644450631196051,0.845977675532051,1.00656458307482,1.16675536972123,1.37287508671776,1.61045832291825,1.83856722857866,2.01078051256327,2.09103309719257,2.08869555150829,2.08084872620641,2.10739482851495,2.12989506263258,2.16296442803087,2.24211935241073,2.34667698174182,2.45341007343248,2.50494622719822,2.53624862072584,2.57791581574359,2.56264511239633,2.50727091116119,2.51572970057212,2.5694998022835,2.60831198885445,2.6193954047052,2.58583449533802,2.42355516057017,2.25360953743228,2.15413471691885,2.12309789953928,2.03077411254993,1.80147266397927,1.57014756644413,1.36034304223805,1.16875224895113,0.998363811906033,0.874029960553487,0.834755990217649,0.748425856248213,0.660359689948129,0.576348581959175
0.79527448650878,0.756026787506944,0.720764752075846,0.686234345695371,0.652387357668822,0.636895621947778,0.633661999017458,0.632524272511576,0.64273937534623,0.685060896597902,0.845715988244354,1.11260309763645,1.39046167458634,1.67139470531399,1.93950129305498,2.17613486392662,2.29282227932819,2.25126271400061,2.20870413436802,2.08420976922418,1.88546348551602,1.6520734782633,1.42207726752472,1.22068559612537,1.06276429506533,0.943042527029457,0.870080421327987,0.878814000110364,0.878210679302092,0.797127099989205,0.838265449984285,0.993452427455643,1.14562966058083,1.31960836656028,1.5479465722867,1.80579586625509,2.06398383054349,2.26412756715497,2.34994900581454,2.31505785910833,2.29907680684505,2.40034955346361,2.39765332060935,2.39151618019641,2.47626662178662,2.53460138682509,2.57947050361119,2.62728425997593,2.67085972007526,2.70505130306859,2.68304499910788,2.62539421173211,2.60627665728474,2.6166169731485,2.60591730219922,2.56386998617014,2.48226818846342,2.38650682726621,2.28718519013349,2.21384566020575,2.17043876221442,2.07505205231968,1.87632343840735,1.66862147201489,1.47808261066893,1.31067525482782,1.16385890326696,1.03660411029179,0.941495567309793,0.876248907661858,0.833526789413605,0.802261724441711
1.03823219650831,1.03362732667012,1.02356727231122,0.996267748383004,0.961129530618512,0.93940102847441,0.934495523791888,0.937071912163323,0.953637772969904,0.998072725775495,1.09105768761831,1.23273317146943,1.40452419733065,1.57973958830096,1.74268519377755,1.86289510170733,1.91498808456727,1.89428615371537,1.81819612491695,1.69880569187985,1.54547318091847,1.36096494466108,1.16620942896314,0.989478765556834,0.839474992016559,0.723831630252504,0.658311439719045,0.637104089173629,0.630333970174182,0.643568009395864,0.720214653252044,0.863400769275945,1.05548822489912,1.28214594971921,1.54773675694042,1.85899241142134,2.18342858875058,2.41657756057852,2.50511324536389,2.55350141311783,2.58812124871652,2.55699497180304,2.50322784902216,2.4728311379951,2.49159147327498,2.52157545784492,2.5568006128767,2.59688621098115,2.62776386303454,2.64828311551579,2.64672970915652,2.62987335053117,2.60665540642383,2.57194660506448,2.52465943606671,2.45893770188284,2.37208224015177,2.28968677692886,2.21526312360065,2.14447698513747,2.06777557523615,1.96912248744976,1.84395520409092,1.70431587852162,1.56507409282889,1.43844391369899,1.31981007936761,1.20760460719193,1.106587561559,1.02794722432451,1.03316175230951,1.03796708798116
1.26648149262965,1.2833807496569,1.28527560475277,1.2743102108015,1.25291829740682,1.23386503323779,1.21942693041947,1.21080501121078,1.20797638455509,1.21449763101578,1.23807749777769,1.28237290572885,1.34755512691234,1.42424623413831,1.49211217510012,1.52688282525894,1.5192322218393,1.46899476025953,1.38255974651445,1.26805727957453,1.13547454839505,0.979793658668365,0.812487269301928,0.660997776617016,0.531177478151235,0.429917981402871,0.357967486642163,0.315510151181073,0.310507265159423,0.346797499224126,0.44075842254726,0.588055465527226,0.789085784073702,1.03266273870282,1.30202048863143,1.58898395833491,1.85860023470024,2.06182729755183,2.19581843655859,2.27992478690404,2.32759946284395,2.34597801768504,2.35600029633449,2.37085186621593,2.36819708708173,2.37891227079925,2.4041599824311,2.4313007579084,2.45196669191007,2.4684343457849,2.47652586162974,2.47548718282764,2.46525466764608,2.40923795701224,2.34752597676401,2.27677311251152,2.20466890809409,2.13974618221046,2.07488105675929,2.01478374790393,1.94988868033334,1.87544376389709,1.79332577149955,1.70578126998977,1.6185472553993,1.53349690728923,1.45103377244008,1.37530664682452,1.31155250380137,1.26982602683247,1.25732852510222,1.2636625574413
1.43283511449767,1.4623761238787,1.48920367550417,1.5049770850434,1.49962765911452,1.4788741427484,1.44942824851301,1.40853599462651,1.3584616949944,1.30562829009282,1.26084449523022,1.23163725433867,1.21501560461165,1.20567813487545,1.18867801032311,1.15573138618799,1.1007516540197,1.02261922013902,0.922656400269321,0.807977417795634,0.684372903467857,0.554074016658422,0.418453170358017,0.28445051068839,0.166477260148006,0.0693711451128188,-0.00338885753170445,-0.0464523160431753,-0.0502134197894523,-0.00699653834519357,0.090314754025488,0.236711356109143,0.423348350112477,0.646155957344008,0.885027995275423,1.12045152301833,1.34154386074391,1.53280394726468,1.68641370341119,1.80349028791891,1.88855722251586,1.94922943331632,1.99924829609317,2.04040257847058,2.06930160661031,2.09599080975621,2.12161751569479,2.14269325030747,2.15958448312675,2.17501210840242,2.18528820049309,2.18362945349657,2.16544983134795,2.13034241283486,2.08049076772958,2.01868230779777,1.95861350109559,1.90815721767136,1.8604567348559,1.81291033110301,1.76986117668804,1.72643823678641,1.68193008787928,1.63791792579468,1.59335408093603,1.54570414022667,1.50017211744783,1.46075469918471,1.43076024350741,1.41267739646475,1.40885197084549,1.42691688719196
1.46679304254193,1.5064477196265,1.55375606997416,1.59501818791124,1.58983929982634,1.56076594957061,1.54458673042742,1.46609140151871,1.34545180435391,1.23960746764274,1.14684386673539,1.06568676039349,0.994579349398076,0.924569718139629,0.85277120637598,0.775229112005088,0.687570334950457,0.589615547776801,0.481701607886324,0.367390198664343,0.253165203098779,0.134385786128985,0.0117103478959969,-0.11277275518998,-0.232542449263763,-0.336385844191412,-0.415226681811768,-0.460709581388964,-0.465644984985107,-0.421212539299121,-0.323059183626546,-0.175011320967219,0.00781523516459337,0.211646377263809,0.421784227800578,0.626561747812446,0.818789176840409,0.99502589508212,1.14986781483571,1.28145192192733,1.39062836694964,1.48267958106794,1.55994650573309,1.62072498447516,1.66970663198941,1.70965716474576,1.74283559229754,1.76878075831121,1.78846648432854,1.8057114076977,1.81668974979997,1.8173747019658,1.80537028107353,1.78154929355383,1.74566704491781,1.70090231216703,1.65959749955532,1.62402847485934,1.59126481972979,1.56121690120949,1.53487672191758,1.51475369701124,1.50077138044579,1.48946125356954,1.47444804621376,1.45645012178586,1.4391960014874,1.42663551051038,1.41992245091769,1.42072632904964,1.43410589612732,1.46023486741404
1.30216432117883,1.31905641271057,1.33193278655035,1.3311184673963,1.30843174254149,1.26779472526566,1.21050996645116,1.13601629212431,1.04972274526347,0.958400336524627,0.866679955963037,0.776351398309619,0.685920590112551,0.594263150480812,0.5011549924089,0.405870366258542,0.306596993455019,0.202497485268767,0.0965216921536463,-0.0106546392661639,-0.121475225742633,-0.238090925198452,-0.360553128336497,-0.486111944913235,-0.611874518846251,-0.731859251658535,-0.837198623099041,-0.912335175670759,-0.932996739742528,-0.877060871669453,-0.755894462749325,-0.593526056887983,-0.405804462549016,-0.209412930369446,-0.014564735639117,0.174703767736244,0.353860454024468,0.517998986367684,0.666341970343442,0.798130231172116,0.910922913433621,1.0063227254416,1.08922859956688,1.16141818395268,1.22235751142362,1.27259995271151,1.31298288562608,1.34320856012919,1.36459727587844,1.38315441042939,1.39629429774356,1.40113075563501,1.39808108545077,1.38586056440437,1.36567723343157,1.34454948703247,1.32497496788571,1.30765597743998,1.29110690476068,1.27607412249293,1.26358237040117,1.25471188450912,1.25216269429008,1.25379508971579,1.25712669667069,1.25914611926679,1.25968976871224,1.26051384624979,1.26343581392427,1.27144701265955,1.28366167186636,1.29890207396054
0.959190747878711,0.949951519056941,0.93291832858515,0.906692417167545,0.869107039336067,0.821437223664049,0.765722731235059,0.702864310359572,0.634683329448341,0.563547892479008,0.490707259369101,0.414933325339826,0.335921077526067,0.253588182241663,0.169138990325082,0.0835334151781038,-0.00279027121549169,-0.0924492551046615,-0.185864044759426,-0.282926455940013,-0.383332566029418,-0.487161508225113,-0.595461677725569,-0.707022537356256,-0.820210882136106,-0.932810508508758,-1.04101734534919,-1.13681747783768,-1.12712975974909,-1.047165194355,-0.928626739689533,-0.789136140773435,-0.637050135774706,-0.479535701645999,-0.321558463971967,-0.167581900399849,-0.0202734975099351,0.117293922466342,0.242019564037167,0.353083130877534,0.452580023765959,0.543199804871301,0.625041404004759,0.696831730093065,0.758252449753157,0.81007465239934,0.852584568155916,0.886017209467399,0.912378445280433,0.931707592172008,0.945270234046948,0.955175039668326,0.961061357175769,0.964544207180077,0.966479145946895,0.966975610985776,0.967048903021194,0.966328067195102,0.964956844285539,0.963677984014046,0.963108496525244,0.9621242188886,0.960560980741836,0.958855518791106,0.957490257571536,0.957832051498033,0.958788572486152,0.960655899691776,0.963788908806084,0.965509025205433,0.964475462244429,0.960390848842897
0.541722741453394,0.520181598296947,0.494539317930485,0.464805327749684,0.430561132872297,0.391450001928597,0.348787890428752,0.303608008429233,0.25639743102645,0.206808033727504,0.155046143225422,0.101281266187788,0.0455917312803346,-0.0120490000801209,-0.071358135554044,-0.132160684834405,-0.19470673831842,-0.259194133224644,-0.324913615937571,-0.390890072717355,-0.45635615012661,-0.52020369899415,-0.581022136927525,-0.637450438424531,-0.687620625599012,-0.728395990954367,-0.756319361030889,-0.76819170312872,-0.761942072281802,-0.737075491754754,-0.694727461776209,-0.637572795068169,-0.569125847831859,-0.492679924317959,-0.41105641938633,-0.3263084016688,-0.240665358172427,-0.155663990842236,-0.0727387156524625,0.00644432549822249,0.0808677895467474,0.150431887838507,0.214049478664384,0.271057719695344,0.321736983107619,0.366046280244431,0.40465837389141,0.438058053012093,0.466587156835332,0.490673575834762,0.511087726115018,0.528434435344536,0.543619596711587,0.557771826623857,0.570905393178677,0.583230827340762,0.594505832900423,0.604378402741628,0.612350301612379,0.618146237576527,0.621844672677287,0.62362682204995,0.623643918447366,0.622006880978968,0.618864811218616,0.614078617889861,0.607815359325367,0.59983530627336,0.58984440015309,0.57758609271915,0.562974600685552,0.545531905841073
0.182404510315076,0.166644946038511,0.149263045758487,0.130271465332909,0.109698319217309,0.0873944488196066,0.0633159674757796,0.037555796130557,0.0102612351383395,-0.0183538310612059,-0.0479188562693799,-0.0781613066172596,-0.108848078184091,-0.139744253083226,-0.17061252553017,-0.20119164702466,-0.23123542311732,-0.260514016658139,-0.288685925928575,-0.315372050750069,-0.340141799804968,-0.36256405384397,-0.382201180079966,-0.398619991785979,-0.411392670275346,-0.420188326515887,-0.424730138376123,-0.424746897029,-0.420155992075847,-0.410972885480858,-0.397375529867521,-0.379659245337651,-0.358216636290283,-0.333519573508724,-0.306089175107338,-0.276472273580457,-0.245239573219044,-0.212909709808669,-0.179930944297209,-0.146602132758056,-0.113197497260309,-0.0801211223079665,-0.0477543399280231,-0.016487038853996,0.0133552968570002,0.0416287349024176,0.0682073111994691,0.0930281592932298,0.116077490409099,0.137313329729527,0.156720045031742,0.174303070841832,0.190070693226766,0.203949253567656,0.215932647174497,0.226129405016427,0.234650599618133,0.24154100747922,0.246849348145258,0.25069342747539,0.253122085816096,0.254136384343488,0.253734330518182,0.251911399963717,0.248686435400303,0.244064781625382,0.238083268281094,0.230669123074348,0.22174324704731,0.211261389730311,0.199144619194097,0.18533269537271
-0.090860464593273,-0.090860464593273,-0.090860464593273,-0.090860464593273,-0.090860464593273,-0.090860464593273,-0.090860464593273,-0.090860464593273,-0.090860464593273,-0.090860464593273,-0.090860464593273,-0.090860464593273,-0.090860464593273,-0.090860464593273,-0.090860464593273,-0.090860464593273,-0.090860464593273,-0.090860464593273,-0.090860464593273,-0.090860464593273,-0.090860464593273,-0.090860464593273,-0.090860464593273,-0.090860464593273,-0.090860464593273,-0.090860464593273,-0.090860464593273,-0.090860464593273,-0.090860464593273,-0.090860464593273,-0.090860464593273,-0.090860464593273,-0.090860464593273,-0.090860464593273,-0.090860464593273,-0.090860464593273,-0.090860464593273,-0.090860464593273,-0.090860464593273,-0.090860464593273,-0.090860464593273,-0.090860464593273,-0.090860464593273,-0.090860464593273,-0.090860464593273,-0.090860464593273,-0.090860464593273,-0.090860464593273,-0.090860464593273,-0.090860464593273,-0.090860464593273,-0.090860464593273,-0.090860464593273,-0.090860464593273,-0.090860464593273,-0.090860464593273,-0.090860464593273,-0.090860464593273,-0.090860464593273,-0.090860464593273,-0.090860464593273,-0.090860464593273,-0.090860464593273,-0.090860464593273,-0.090860464593273,-0.090860464593273,-0.090860464593273,-0.090860464593273,-0.090860464593273,-0.090860464593273,-0.090860464593273,-0.090860464593273
