0.6593329293347,0.6593329293347,0.6593329293347,0.6593329293347,0.6593329293347,0.6593329293347,0.6593329293347,0.6593329293347,0.6593329293347,0.6593329293347,0.6593329293347,0.6593329293347,0.6593329293347,0.6593329293347,0.6593329293347,0.6593329293347,0.6593329293347,0.6593329293347,0.6593329293347,0.6593329293347,0.6593329293347,0.6593329293347,0.6593329293347,0.6593329293347,0.6593329293347,0.6593329293347,0.6593329293347,0.6593329293347,0.6593329293347,0.6593329293347,0.6593329293347,0.6593329293347,0.6593329293347,0.6593329293347,0.6593329293347,0.6593329293347,0.6593329293347,0.6593329293347,0.6593329293347,0.6593329293347,0.6593329293347,0.6593329293347,0.6593329293347,0.6593329293347,0.6593329293347,0.6593329293347,0.6593329293347,0.6593329293347,0.6593329293347,0.6593329293347,0.6593329293347,0.6593329293347,0.6593329293347,0.6593329293347,0.6593329293347,0.6593329293347,0.6593329293347,0.6593329293347,0.6593329293347,0.6593329293347,0.6593329293347,0.6593329293347,0.6593329293347,0.6593329293347,0.6593329293347,0.6593329293347,0.6593329293347,0.6593329293347,0.6593329293347,0.6593329293347,0.6593329293347,0.6593329293347
0.632909298563264,0.637874757275672,0.642739044283123,0.647477554095257,0.652073396238693,0.656516035189344,0.660800603893197,0.664927658462115,0.668896327995615,0.672705917631226,0.676355244453805,0.679841670489936,0.683161218056984,0.68630789989381,0.689273479438189,0.692046868159291,0.694617055555312,0.69697263098167,0.699102109819869,0.700994296274158,0.702639075943036,0.704026449261497,0.705147338777008,0.705994127848656,0.706561012339216,0.706843663867346,0.706839196576867,0.706544780070864,0.705957164670827,0.705076809121908,0.703904893248211,0.70244283212458,0.700691912469639,0.698652981742142,0.696326228175757,0.693711085034049,0.690806285039298,0.687610082083595,0.684120648036348,0.680336643861513,0.67625795741057,0.671886595970213,0.667227720290076,0.66229081631771,0.657091313691389,0.651651856705126,0.646003668830722,0.640188172758481,0.634258733996765,0.62828211025043,0.622339569856626,0.616527369248949,0.610957674985056,0.605752515221795,0.601043404273997,0.59696231665086,0.593630501582333,0.59114753151851,0.589582728309053,0.588969975555803,0.589304234811028,0.590544333207339,0.592619977809858,0.595437960662479,0.598890656106174,0.602864475663497,0.607246465202127,0.611929724980582,0.61681713951124,0.62182360463843,0.626876979317459,0.631918053225106
0.622560604888383,0.630991180970897,0.638724280769598,0.645833132172019,0.652385313867549,0.658460355034589,0.664141414516352,0.669509409907221,0.674634916980317,0.679588005831761,0.684443670895655,0.68925792261015,0.694059651336177,0.698850417292509,0.703604035164941,0.708266438084993,0.71277927530993,0.717084634054034,0.721116148697219,0.724802719838343,0.72807794554095,0.730890979079962,0.733204994082498,0.734993720360118,0.736245782377887,0.736964121140714,0.73715999601204,0.736852815466629,0.736070474783025,0.734848497539874,0.733232039438921,0.731261921678169,0.728955299273017,0.726331163637176,0.723401855174288,0.720168346386457,0.716616321947746,0.712712845134814,0.708406578678674,0.703640192853641,0.698348682637813,0.692463375785751,0.685915188917094,0.678637174926793,0.670564349572521,0.661636362333921,0.651806332443232,0.641035227946241,0.629286899753283,0.616531552314848,0.60276180880746,0.587986875470159,0.572247191716241,0.555647816469395,0.538447666001878,0.521285240504337,0.505744254844143,0.494921931466402,0.490486033290726,0.49087742087064,0.495063682503766,0.502694725777708,0.513174062283372,0.525570498853533,0.538924843833753,0.552478551663232,0.565723559472983,0.578358188961223,0.590224387100701,0.601255787457345,0.611441555253368,0.620803389841878
0.622178190076956,0.630392056039237,0.637643629681607,0.643978130154381,0.649430092624832,0.654066770713594,0.658024881713522,0.661557275034073,0.664972633943599,0.668598321591721,0.672733344871474,0.677599146605496,0.683299806848591,0.689793546689595,0.69690651638957,0.704388284925031,0.711999846319448,0.719487841641457,0.726590669289507,0.733072405742552,0.738745550548655,0.743474295841444,0.747195066218554,0.749872052275514,0.751527045210569,0.752251973854954,0.752131070728441,0.75126546463529,0.749764364591989,0.747743320856233,0.745320729327864,0.742612087133853,0.739722626410461,0.736743745133887,0.73370896803703,0.73067278720967,0.727660584012084,0.724635981942092,0.721503708410775,0.718130947602025,0.714354115004733,0.709985670521612,0.704824727292013,0.698617387348747,0.691146962555492,0.682282391084007,0.671940891967145,0.660166891942483,0.646986305326419,0.632394812285452,0.616411158861925,0.599044394862453,0.58030947427767,0.560253014301166,0.538996129892769,0.516861626215734,0.4943919326263,0.472012421833743,0.449221294142144,0.424364476516554,0.39808761086305,0.433950395731495,0.466810348094637,0.495113377497177,0.519504944736078,0.540545205653515,0.558730032182641,0.574503965259357,0.588260347956445,0.600333502673333,0.610988913642884,0.620435598454772
0.615427728971211,0.621602946437041,0.627318238770671,0.632060639435409,0.63534734027529,0.636890143356069,0.636782671652172,0.635526756724646,0.63397697247944,0.633238154999812,0.634451752076442,0.638500753629128,0.645722328125502,0.655813115142196,0.667982897496784,0.681290615543263,0.69488904156062,0.708016193767905,0.720072796738851,0.730625244500417,0.73938412616316,0.746159476661054,0.750875800658707,0.753766879420105,0.755072195779028,0.754975755953911,0.753646834451827,0.751254135996962,0.747983774412798,0.744053856954646,0.739718563202259,0.735257410984366,0.730950645880573,0.727048602852855,0.72375420805199,0.721122378366271,0.719178956038327,0.717927509218487,0.717227158348469,0.716806943083689,0.71634811098716,0.715474617383358,0.713749554277034,0.710763211535945,0.70614432081004,0.699494711875582,0.690700242278066,0.679835113444732,0.667088615649134,0.652771213218465,0.637448902771457,0.621528536381926,0.605347195120148,0.589241537988874,0.573539062935345,0.558598587378358,0.544815843432051,0.532653961285303,0.522944500767816,0.517159204212297,0.516990314026626,0.522966341961072,0.533528663279346,0.546108853704064,0.558625073966459,0.569939437373216,0.57967630976618,0.587945978925145,0.595119995373119,0.601646606751218,0.607922327786547,0.614188582379856
0.587564067038629,0.594005264224685,0.601382109642347,0.60755228437618,0.61074277883026,0.609779304421515,0.6041423136979,0.594219849837918,0.581754937309461,0.569856782523366,0.562733151340075,0.564286300763077,0.575878008748649,0.595521789575133,0.619476460339385,0.644489090089508,0.668323986955531,0.689689356491616,0.707923427516152,0.722702900463023,0.73380512962717,0.741319803786319,0.745768729392117,0.747794891833416,0.747819790532834,0.746111742197119,0.742816986958089,0.738027023818399,0.731869856070445,0.724599416995903,0.716703269808393,0.708920619424842,0.701936147074108,0.69630610975061,0.692399389754346,0.690316739316843,0.689969881182488,0.691306069360807,0.69413789068895,0.698044991673161,0.702449709009925,0.706627502144151,0.709787522207174,0.711178290775846,0.710162380360304,0.706123007151944,0.698597359760489,0.687829935015244,0.674366611251938,0.658964049734306,0.642523849159646,0.62606422417538,0.610868898606711,0.597792765716752,0.58742938081375,0.580209005455252,0.576247871895805,0.575296085854699,0.576870902967029,0.580335355109521,0.584977893804426,0.590028164686543,0.594669523905373,0.598074644932017,0.599585222153322,0.598883171156839,0.596097031065996,0.591869458199429,0.587355505297555,0.58407484543043,0.583548569180702,0.58656786299435
0.525808854470342,0.541271223863308,0.560085657850337,0.576030011792853,0.58511131718804,0.58502006761933,0.574439502948378,0.552560033605239,0.519985931975206,0.480524940260587,0.445827543984853,0.438106656503303,0.467311581662704,0.515256652113187,0.564461874785775,0.608245212624617,0.644881345259993,0.674340518811409,0.696978879381398,0.713167290767142,0.723693344993862,0.729401493886655,0.731506220966113,0.731117393154947,0.728981442027795,0.725368007725845,0.720115388314107,0.712803372608554,0.703053219228512,0.691100780351587,0.677752962597994,0.664367514194696,0.652703655395426,0.644210309612984,0.639409050267828,0.637959919520066,0.63939978373867,0.643829397999696,0.651447295021877,0.661753571622845,0.673646263528736,0.685479206579967,0.695549270211244,0.702441070537528,0.705127718504846,0.702932694631723,0.695294995412638,0.682200824753527,0.664583215876936,0.643878505767126,0.62187628862692,0.600634940171554,0.582309668084643,0.56904851468963,0.562393175440924,0.562888100436713,0.570026813689737,0.582020411521879,0.596237689385303,0.610106363070292,0.621651380248436,0.629544384138691,0.63294451533745,0.631385107825733,0.624688500777809,0.612853193559656,0.596166007857926,0.575477150898003,0.552881794996775,0.532714359001523,0.521488070050509,0.523801417026366
0.415629002053866,0.466046216309335,0.5146024780418,0.551047246015578,0.572643839559673,0.578566631438269,0.568064339225024,0.539474810382331,0.489603019730702,0.412475740331621,0.291968294157061,0.190637230994045,0.354213068097819,0.46112962562501,0.537844680212809,0.595453521359034,0.6388159450579,0.670254482744407,0.691265450500315,0.70364424036602,0.708971331062447,0.708882112293662,0.705506354678957,0.700660618247023,0.695757835231696,0.691078934075484,0.6856486242059,0.67762101352061,0.665405496893512,0.648159209940556,0.626222478843716,0.602032628200461,0.580544027730712,0.567268102447767,0.563178187289836,0.563956449916864,0.566382454004488,0.572407132492657,0.5858205522662,0.606840206969438,0.631816716810504,0.656136657644095,0.676308687002255,0.690280023838605,0.696932990680128,0.695625903368305,0.685793209242201,0.667399554445193,0.64099530378429,0.608379644335483,0.572735297354582,0.538841903561133,0.511290302438188,0.493357430027158,0.488395959268769,0.498962256058953,0.524232380171772,0.557501048539441,0.590619982574011,0.6185330811368,0.638976532249275,0.6511177713313,0.654722775741451,0.649770621962491,0.636277629044992,0.614301479895711,0.58368958088365,0.543989712575075,0.494762648901895,0.438998440761492,0.397013389845149,0.407641922641868
0.274195442422744,0.406541555819157,0.493568824738294,0.550282293662577,0.583800650068022,0.597530115680863,0.592998121927504,0.570415314717318,0.529219969413195,0.470697640145127,0.405853626868929,0.382191545611908,0.43223611697563,0.502761092784817,0.565419966372499,0.615636653850859,0.653069829909075,0.677829859423096,0.691007412205838,0.694057688989926,0.688751473038404,0.677418395380242,0.663618824211158,0.6509942422356,0.642781152655587,0.639750750593523,0.639144627832993,0.635924722156906,0.625588358917015,0.604683986827678,0.571256075555336,0.526052159482673,0.47805236510832,0.454588748497317,0.465263200956608,0.476304835420945,0.472817087088572,0.468255135309153,0.488273929995551,0.53349398854881,0.583765438295587,0.627091682965577,0.659828275853801,0.681274498707432,0.691459345145426,0.690347392743932,0.677367786475689,0.652048851559672,0.613577344051646,0.561429747957236,0.49841914796749,0.435849345594852,0.389488767362375,0.355291768248489,0.348335086984198,0.373267568378806,0.444803539031613,0.518305410719325,0.576230527447301,0.618227038632355,0.645968700994656,0.660813567986243,0.663679242435571,0.65521452772698,0.635825088510791,0.605535546459245,0.563846485844787,0.509517965275816,0.44038614465279,0.347790282057301,0.176924805806628,0.241601339212077
0.313514789853219,0.434607566973312,0.521482751444462,0.580080556535785,0.616387086218952,0.634173626723376,0.635962268949224,0.62361954681824,0.599331403149791,0.568796566499668,0.542449032025777,0.533996626605127,0.549269150482555,0.580974838789499,0.617844954160417,0.651398358076829,0.676277448884761,0.690351931354919,0.692740819036683,0.683372188673557,0.663303248651022,0.634849959906025,0.603162122476009,0.575726972621673,0.561450602257156,0.56582315455502,0.581189234547392,0.593165154617941,0.592478162876034,0.574003989612285,0.53415873566852,0.468446703953718,0.365292980775062,0.284761755006655,0.385558049722907,0.412170808434533,0.379954692942529,0.300938771145701,0.345144182790244,0.462649416634186,0.549703046594877,0.611367922696211,0.653451502457204,0.679396282020117,0.691192313484679,0.689737793251588,0.67464952400536,0.645116254267085,0.598458039899802,0.52971116470861,0.430341373631132,0.282860845120789,0.256045602368169,0.247097222294059,0.248075359666715,0.25464273361187,0.409074646670698,0.507721109681422,0.574356433035731,0.619432924565055,0.647732068651148,0.661476146956929,0.661428366451791,0.648143272807008,0.622594685843805,0.585272404550991,0.535272503578096,0.468862234053477,0.384576237717945,0.304022052554233,0.259775516111005,0.286881727447456
0.442562579970435,0.51584237918424,0.578193322451561,0.625058919253832,0.656239667259145,0.673271786414086,0.678136790946137,0.672597592826406,0.659003273699959,0.642108382668178,0.627966355209108,0.621981794353692,0.627063605822272,0.64225042030554,0.662549567651583,0.681635903013357,0.695012202170949,0.699166144874969,0.691424825941297,0.669809090451018,0.633214262176964,0.582156028079579,0.52194133694254,0.465664251423791,0.435642390515103,0.466078185331512,0.521056591566549,0.56026439769583,0.574454607283812,0.562693680666873,0.525146693818408,0.464054976774861,0.393895783078495,0.367000388619427,0.396828699985376,0.409705347178763,0.369842013788923,0.271495160158361,0.345795992454951,0.464256550577775,0.552642840895943,0.615731751514968,0.657902428188912,0.682850836834023,0.693291218897718,0.690875948878031,0.675924824419687,0.648248050558512,0.605816490074159,0.545736526390334,0.466353743418404,0.383889249781735,0.378298993228927,0.407588327319668,0.42017130312911,0.439915423923464,0.487252521342406,0.541780130668837,0.58742342350719,0.621672279628081,0.644186218942123,0.65377910819901,0.649236152457864,0.629522913457821,0.595317386327529,0.549764292144327,0.496357259206888,0.429370949337526,0.317858774606964,0.170493444349003,0.342877772547055,0.427461540140106
0.533569058075465,0.5868922304363,0.631268845595799,0.665559639107985,0.689240886181933,0.702737920845578,0.707347953309689,0.704439393836126,0.696052743371744,0.68551316079293,0.675782399699897,0.669683351406883,0.670055703709513,0.676525285070862,0.686285242803165,0.69596352632464,0.701709057895377,0.69943152919875,0.685243098903589,0.655601669133073,0.606412179965434,0.532308560067206,0.427608166048901,0.317745286208746,0.222201184345769,0.385855370652262,0.494873111326389,0.552915200242237,0.575706900655074,0.567289076181716,0.528949156316966,0.460774371377009,0.371955183190114,0.340047294808548,0.395265085957067,0.426535536943303,0.421077062488342,0.412540708196144,0.446491481939595,0.51247746905776,0.578322834026854,0.630360189579657,0.665828185521675,0.685085934457201,0.691005573615399,0.686310840877437,0.672890856928295,0.652029176617639,0.624181134549499,0.589718693772209,0.553191022397404,0.527058870561681,0.523044678476488,0.53161948001279,0.538926744432747,0.54609806806804,0.559001599172899,0.576589889334305,0.595930403234533,0.614692397412735,0.62978136262075,0.63637788914446,0.628666879621472,0.601759429850638,0.553298986097792,0.488986085016286,0.434634883732518,0.411011945821195,0.394693787593298,0.40207769979035,0.458830864412629,0.522026842568135
0.597342453883286,0.635221042055741,0.666511420265492,0.6903021646729,0.706513169745038,0.715424181798955,0.717770070502429,0.714741103338057,0.708418854551481,0.700906887847768,0.693084044679278,0.686654487316296,0.683127702758868,0.682850488666766,0.685765069339457,0.690210171742908,0.692447874034199,0.688027511487243,0.672529481249685,0.64225377297134,0.59299267588133,0.517615787986853,0.40312013167036,0.282791309624794,0.365729101292799,0.454087569805427,0.529826812146682,0.575978458104776,0.593435739612544,0.582712230292611,0.542086547890058,0.464772590792557,0.325662552588183,0.23469273442185,0.384932035374898,0.427504154901584,0.424777629997018,0.431566484819585,0.478145320007409,0.541628453842526,0.599350211131806,0.642774388793513,0.6696992349406,0.680751235602265,0.678941510130253,0.66933755520544,0.656863867158375,0.64564727423899,0.636190262590181,0.627343119584036,0.620027501389401,0.616830730093206,0.618185928223513,0.620228643778066,0.618152020175908,0.610753220254305,0.600127217603796,0.589166661578133,0.582607884701487,0.585464450859531,0.597292932000406,0.607871509538682,0.603819981757796,0.574495813720842,0.510841025823545,0.401095659861822,0.288560179226148,0.380971018404218,0.452973048223283,0.500447361553514,0.545459076667005,0.589180642523287
0.630947524696253,0.657523230682947,0.679120329111095,0.694552193815749,0.703732733531466,0.707424954450701,0.706308457669035,0.701455352900998,0.695845016844238,0.690516262057958,0.684591597967285,0.677406954888614,0.668779382903962,0.66143283986335,0.658936601545391,0.661358917852861,0.664183439285502,0.661575281190877,0.649386949157874,0.625739037981136,0.590236027991367,0.542953827865595,0.49131187012986,0.468205876764754,0.496932051777501,0.544300299994338,0.585717347247116,0.610236045524538,0.615530578696995,0.600777256435454,0.564091223263023,0.505230524127807,0.434530315418653,0.404952944938588,0.427284648132119,0.420339988443871,0.356318632001727,0.350518460500666,0.461160917650329,0.550335217204003,0.61177867193634,0.64985220070979,0.667745511599917,0.667950361591873,0.653843182731691,0.633367589961913,0.619538256603701,0.620667478842301,0.633090837699359,0.648623642766253,0.662487816966833,0.673421939980066,0.680233495094236,0.680170848086282,0.67076771433692,0.650279845719594,0.618702296793235,0.579071661539298,0.538736353853617,0.520229768071917,0.539784033683804,0.569494222915581,0.579948297361863,0.55936919533473,0.502268379636017,0.401426882308315,0.309629663827325,0.411368613203159,0.497294141962775,0.552129680725328,0.592470129824927,0.625135123813414
0.633666552301454,0.652411638141613,0.667313640696445,0.676257482546498,0.678815024070485,0.676797257565531,0.671131026019608,0.66304650986598,0.657353871374621,0.65562779766424,0.654043295203005,0.646280175448828,0.630109421572214,0.611290286872402,0.602410763734608,0.606765098173071,0.614557446319964,0.616708556747694,0.609565016362342,0.595611427523957,0.580546792430737,0.567575510757819,0.560275626681457,0.565483312870646,0.585351812619288,0.610500803606511,0.629914151048674,0.63664812965435,0.629292273612661,0.609303814852381,0.577327943350508,0.536980628600258,0.498693915106321,0.477142544721084,0.466485551455703,0.431692327275046,0.325898879248558,0.303756533753775,0.465123074871437,0.56306468989204,0.622550360183492,0.653805579590372,0.661463476752808,0.647749370444212,0.614062197878471,0.571727962429301,0.551475930019507,0.572680557397551,0.614314984245921,0.654582959305561,0.686323457871254,0.707948122029306,0.719236780419752,0.719054224611744,0.705128332596483,0.67544028979825,0.627944990021728,0.560821214985912,0.469308813850926,0.394484351302471,0.459868024717947,0.531175514584293,0.561017127367955,0.55410047085336,0.520001775014307,0.474291669193627,0.453584345241824,0.484442278074425,0.533278012945326,0.574984146332434,0.606210349652875,0.629591781082951
0.604413021377676,0.618630736463451,0.630754898338141,0.63477954149589,0.630396327811688,0.62253085322129,0.61187269935081,0.597588455068188,0.589494486631965,0.596453841075384,0.606131336348185,0.60106214636772,0.574168882381214,0.530905033574794,0.509894414674561,0.524648960206683,0.542749443797632,0.551330635601493,0.545945971650107,0.538579031422125,0.547326348205101,0.570075252128272,0.595464244426229,0.618414047108024,0.637508473834104,0.650774172578051,0.654507055723233,0.645837648612447,0.625384200545221,0.596943120251227,0.564057258751301,0.530678146860762,0.502101834134577,0.483551703256163,0.475705408778602,0.463322395862361,0.437508207146309,0.449756325635119,0.519373681675937,0.587916887049988,0.634387134926181,0.656726665686761,0.65432815870266,0.625872325042769,0.56678174645674,0.480440607371782,0.434032926596884,0.50463715265877,0.588554682409598,0.652081328868801,0.697154250401485,0.727077343315741,0.742501475086954,0.743499502781191,0.728660777529321,0.695717558489059,0.642888214650731,0.565944876585474,0.450267932861689,0.29787490959783,0.430283838458916,0.517762679157721,0.549768372647459,0.544740264541849,0.521430823425484,0.500456492051755,0.496031891030337,0.510985330323651,0.538806956962246,0.567539988738814,0.588039697931633,0.601789002029527
0.540447871397248,0.555748398307492,0.57210086678497,0.571069295808816,0.555722403922314,0.542499270161071,0.531505198755087,0.504329538986262,0.482494497470449,0.513959568945608,0.549687707224492,0.553946361118855,0.51848050768304,0.439665071991747,0.389095244190272,0.416542377612119,0.449437724257805,0.46761270653409,0.452632140375358,0.436214861927767,0.482620733121632,0.552088738725475,0.607313885936517,0.644430527345757,0.664879794283546,0.670367067066918,0.661233919566499,0.637053608030855,0.599785520806784,0.556310091808105,0.51456320744382,0.478970819776564,0.450271944479709,0.427228187651733,0.439001998383203,0.473683825564782,0.497153976216938,0.523366512919643,0.564498078126988,0.608301628120501,0.64137025048448,0.656091922580741,0.647184527875078,0.610115352648326,0.536484693699913,0.407647351504484,0.253228788696688,0.459046628190733,0.572409600200591,0.647733771057022,0.699927317781694,0.734820343538561,0.754367501506936,0.758115226817771,0.745806529510469,0.715949325414049,0.669263992799249,0.60604419310346,0.530947330756658,0.480504086065054,0.502846860910297,0.539377413025328,0.546054012737271,0.520311269421843,0.481032764501827,0.4651709693637,0.471374138544811,0.479840200398692,0.501527133741467,0.528951952368244,0.539975955439221,0.539510259577782
0.433100372452625,0.470345283566509,0.504231537592057,0.491102531520154,0.446827253396293,0.427621078060464,0.443704912395626,0.402416685357485,0.300759362612965,0.425218348293222,0.500990059343596,0.517837849591033,0.479717073687911,0.389511880189459,0.301326232735091,0.286362718742385,0.345605598769209,0.369949275944722,0.328878646377502,0.221298312015357,0.406558286369261,0.532069141360842,0.609831066472347,0.655894425562676,0.676975911180552,0.676849441382492,0.656212557395371,0.613987128655722,0.551805768979639,0.481222445713328,0.421483366495806,0.371428775861486,0.341487553941629,0.284716653199882,0.350579999549643,0.461914701155595,0.516212747590568,0.548567525174325,0.578753312453305,0.609466654584228,0.634517340564463,0.645674035165777,0.635412896380998,0.599404148909009,0.53618184547077,0.452408522101332,0.413538402278246,0.485705112843622,0.572578565049168,0.642458632399663,0.695723613035672,0.733747797823693,0.756974527684319,0.764893576834661,0.757268856328071,0.734570750851399,0.699562946332252,0.656123191860766,0.611968259681537,0.583124819700889,0.577887705363602,0.576079667719242,0.550646724988191,0.485565830074733,0.381048422677913,0.361066452036686,0.39947878411029,0.384008959135009,0.416699479625563,0.472397895036373,0.476595645659522,0.43728440260076
0.329000936084397,0.419083642092436,0.454654318482429,0.409077278948051,0.296295715594559,0.279230705602548,0.389951292528533,0.350826893580905,0.175361567326849,0.381742733518824,0.4790385227094,0.501837867180348,0.46001256448812,0.344482989976622,0.228532041453362,0.276442904083656,0.336566151290357,0.239802928287136,0.21870235957414,0.223052966811196,0.400856788514104,0.531918938788878,0.614204265342428,0.662092733065616,0.682048973932189,0.676907930504041,0.645924791834563,0.58560572845897,0.490857703805321,0.367562059578949,0.290924734037266,0.138084509283822,0.176174357657449,0.152247758353679,0.342363592448124,0.461856516053013,0.514318000841981,0.537842251226163,0.558208824429563,0.584441428243543,0.609441091169397,0.621520752306222,0.612256456911116,0.580282275016199,0.531861182415564,0.485337492116882,0.473333980713143,0.508537607787264,0.567885456720538,0.62969484494591,0.683462183837875,0.724697808831177,0.751566588901834,0.763821758265117,0.761701317277128,0.747041272629925,0.723401631933215,0.695643619895964,0.668161848109736,0.647408888476026,0.63301285822685,0.613026205389549,0.569804254359313,0.484386814887067,0.322115985037914,0.288870465288799,0.344830702728603,0.166494795798025,0.315343432669841,0.438231689210552,0.44663782325005,0.355002166552237
0.458607686855213,0.463033152564653,0.448021015838926,0.353698531323691,0.203729230931138,0.349786790686121,0.411827687385044,0.373262185516936,0.221925567603421,0.404543723225818,0.490447603851281,0.509440318163409,0.466317876321913,0.348483797018386,0.216282758194199,0.356211857581878,0.394853439674644,0.349002199105696,0.276167579216932,0.300344936636611,0.444994284930247,0.552489438447077,0.624035845433237,0.667142844172609,0.684216855048532,0.67546764607335,0.638882934415764,0.56978250460983,0.453364592815216,0.239640563805312,0.307318556062023,0.280738152905351,0.266008881712559,0.342608225119011,0.417076422317704,0.47769432709023,0.49906930843502,0.493576470146667,0.497492551366238,0.530145724968909,0.567938182698727,0.584739486690222,0.574154198975694,0.540350942406598,0.491925366915129,0.453710028570262,0.455282724677166,0.483952542357453,0.536913397833131,0.602113678280768,0.661564155502871,0.707530535252964,0.738320775221629,0.754421275600709,0.757098779227419,0.749043497725063,0.734208466649894,0.717154046197952,0.699996747327028,0.684382607478612,0.668840848933241,0.645527077395889,0.604041213540733,0.538049147315646,0.459396904612981,0.424384869414721,0.402985584177397,0.332757245071586,0.389255278710068,0.466431366398976,0.483391514865262,0.461821161865034
0.530267158217471,0.518483558015879,0.485457463998593,0.408900960231756,0.368724338551551,0.439812663976791,0.475098882464357,0.459083390612918,0.434795034894791,0.479960335548708,0.527657816039546,0.537060425308014,0.501434618469673,0.418174771218659,0.345887690331166,0.422967456366046,0.462372187483156,0.455553291132066,0.436680968375346,0.452496008303683,0.513625118000319,0.581618540066556,0.635440644419411,0.670312936246505,0.684012802708828,0.674379474009063,0.639854966827243,0.578682864045979,0.489389187238549,0.402760644518951,0.386586142565895,0.363529612766336,0.363897397899991,0.412236157838716,0.460379085064834,0.488752751792781,0.4771437696731,0.415021717546256,0.385909937027487,0.451446481294956,0.519658880427477,0.539294485918374,0.519826867739395,0.47379176264684,0.40867601088846,0.334488887332599,0.377809874945936,0.397434159688047,0.469699991678191,0.560012643524569,0.632211448038999,0.683397192563683,0.717001664433783,0.735521860564053,0.741175864264386,0.737131247570154,0.727650357104696,0.717005043932647,0.706787771337695,0.697132471987708,0.685867453195999,0.668316705542978,0.638586713194701,0.597300678197626,0.555271855001887,0.525693226724315,0.501788151407318,0.482409272033301,0.495303463843873,0.523831536851561,0.536171523102159,0.531915127360358
0.567628165032116,0.55928611949365,0.540116084047892,0.51285887905187,0.505131551060368,0.526372876648651,0.542742322942023,0.540660560372228,0.53682147170602,0.550491905787587,0.569030547883674,0.571146802876579,0.549624558896875,0.511829115089669,0.489379747461611,0.503499787636018,0.519587851962743,0.52076875147273,0.518206476054458,0.529187297704415,0.559871347798124,0.600678187616513,0.639237877851376,0.667434670280374,0.679470296467338,0.671829418865322,0.643315940395254,0.595831639810352,0.534696950061547,0.475279354119017,0.421986670419801,0.348369363215026,0.337026751098308,0.403405941801819,0.463754872234161,0.490590483162028,0.474617290904273,0.404829552610364,0.350220749211704,0.433430943944892,0.490798103855108,0.49511263062738,0.452588899131264,0.371381108154533,0.330294335378957,0.287888087768281,0.338382184395089,0.255243853209362,0.389756006190428,0.521275585817244,0.602521067591459,0.654911000638235,0.688133359384933,0.70665610257688,0.712584517623808,0.708835157643586,0.700441112380304,0.692623412435536,0.687712653664758,0.685236814913479,0.682431300682833,0.674756417539569,0.659177548679976,0.636288311548998,0.611405185551645,0.589148774041281,0.570453318433462,0.558233461942714,0.557685529741648,0.564873511138863,0.569594057240685,0.568466066179051
0.572395822615332,0.575911153306889,0.577271699020333,0.576412060254209,0.579386927129501,0.587346410277877,0.59245589267668,0.589989044907166,0.585953030124931,0.587405881751252,0.592600832610929,0.593085188002747,0.583922958914253,0.568691477233706,0.556931470418278,0.552830397996823,0.550168693037188,0.545306267427948,0.543974821447243,0.552123391835002,0.570023866834049,0.595824232455959,0.626774151852803,0.654071274599658,0.668071822687492,0.663633228252565,0.640105611865102,0.600027222794415,0.54791634635657,0.490172106066363,0.423176560322928,0.315090401575662,0.225170826213335,0.350774206604007,0.440305531759987,0.482901762399381,0.491412959400508,0.474076471296778,0.46328692663553,0.479314723688636,0.487074359084746,0.457805644449331,0.383993510089504,0.274022957550639,0.318913359090074,0.390212670164849,0.404771362999229,0.384616898996881,0.426162405126169,0.513694539287464,0.578198157587174,0.622151551129392,0.65132472460288,0.667264683404777,0.67004387589762,0.661946311851647,0.649391404284472,0.640902423626266,0.640787370419407,0.646984369397925,0.654896444572902,0.659995101533196,0.659050222955493,0.650479304899893,0.63603529424393,0.618508660362489,0.600711514440387,0.585992616923403,0.576632123967789,0.572176038062576,0.570565432159746,0.571786835663357
0.539119758078005,0.562129255297193,0.586121623131461,0.603806355732912,0.614661928443542,0.618910765454146,0.616241937047625,0.607031775011362,0.595808887633033,0.588389795423285,0.587447362137232,0.590466686488138,0.591159711253307,0.586428883185937,0.576482185831139,0.562146509323417,0.543870702599231,0.525601159809456,0.521318872150208,0.533121638098425,0.545570608499069,0.558624118962345,0.593278178923752,0.629978604589745,0.649321622154799,0.647306285317745,0.625220272938624,0.585251658469848,0.529514675575747,0.461342977932521,0.395416793863038,0.33977770334027,0.238255952275882,0.319433772816582,0.390262205600482,0.458032136932987,0.498481183834001,0.512812920281015,0.514743568318954,0.510665825490457,0.490014071752933,0.431724835235651,0.294640441655025,0.263472752029081,0.382924619917214,0.440458821652706,0.460641899826793,0.466048437000209,0.484381735601864,0.517522285870278,0.550101445304461,0.579706999981189,0.604312923320104,0.617156340606126,0.613845261366947,0.595132047556828,0.570052696823073,0.555533931656238,0.561689721596444,0.580257331569123,0.601760345309277,0.621645761853794,0.635337634096702,0.63907031782722,0.631928768250212,0.615337995885471,0.593148256100763,0.571091949789584,0.552684731809516,0.537969459516352,0.529333388151545,0.535793621322543
0.460271023262682,0.519358866217301,0.571420679394125,0.605894047899794,0.623283973208139,0.625646053646457,0.614989370712919,0.594198671595188,0.568929257365255,0.549068425256727,0.54510713448498,0.556395154531525,0.569547590004533,0.572484327824845,0.561119724977632,0.536677981027735,0.501858409266481,0.458247038443415,0.449460811888713,0.489232287365218,0.509753400038032,0.498452383002321,0.557963597730477,0.607133548219285,0.628432360065384,0.625305691130007,0.600623552426987,0.555723204293926,0.490025069407094,0.394641072351535,0.264032870362745,0.33085188991123,0.340601000585296,0.257988889913797,0.279987743436823,0.425945327489596,0.492684019124405,0.520444593957959,0.525787805032926,0.516386340567545,0.491044099843005,0.440911443886434,0.362544658431728,0.35654787205544,0.424626702415233,0.462561170813496,0.475501915315508,0.482883989045387,0.492044429895652,0.497832963939546,0.499168768859178,0.516846180056217,0.545172352833088,0.558350377897828,0.548773777311245,0.512426195951524,0.457294002362511,0.421899189286243,0.444735155520007,0.484046592750575,0.522392470473534,0.561585359849789,0.591588980144072,0.605937426565677,0.602307957981373,0.58146605253804,0.547987067283647,0.512256002217183,0.484172404845397,0.459065797132309,0.43325063222749,0.450588869605559
0.344581690904962,0.472490410231731,0.550629146859754,0.596009752201683,0.616443700101696,0.615695189594375,0.595835604465069,0.558402877172587,0.506808422088576,0.458169959035258,0.453132258735008,0.490421848713571,0.525789737373674,0.538038330067819,0.522647688506741,0.483715237570911,0.435341760333639,0.389268033184854,0.389515205371915,0.452296436418169,0.500280788248428,0.531569957392346,0.567828423313853,0.600030899512088,0.612569045999978,0.602885074558931,0.570996162929743,0.517947709223293,0.443831675586754,0.354423352273432,0.301541666100464,0.351848117981668,0.377416650537031,0.351447195199437,0.365656111336478,0.438058489614751,0.485893832613981,0.505026922007481,0.503470631773099,0.490020225439372,0.472858506857604,0.452965815340235,0.432045209777451,0.432462378568257,0.451924737918982,0.460377188632748,0.446971081680871,0.454958558507187,0.465222084356402,0.455517913819134,0.435231634334277,0.44615944506101,0.478148925141483,0.496300255005533,0.489420799293327,0.441226688325414,0.335991321060358,0.22619542117054,0.326431064230371,0.362942557667312,0.418071447317857,0.488761574806347,0.537498454932435,0.561780122642725,0.559341572380032,0.528935907136193,0.472561375990477,0.408207328346226,0.368803194598898,0.363353240460165,0.261797558601869,0.31233793951429
0.389813620481174,0.478301953277713,0.545719428659178,0.586703278258756,0.604014015525279,0.599227382623649,0.572146480281519,0.520037519475596,0.434285900951918,0.296808530575294,0.292502047112345,0.418478316195088,0.484410826571753,0.505450590016807,0.485305969298688,0.420082881141818,0.342605518524903,0.281544271726492,0.326573487356633,0.434067160337127,0.506174689390534,0.552482221255975,0.583565731967458,0.60210054524813,0.603706092423264,0.585131541034593,0.544026185686779,0.478428355074432,0.392480300895063,0.259596587110431,0.295189980988984,0.359809130534909,0.403128379704094,0.428129467539492,0.444446613796733,0.461825214489931,0.471207725495999,0.466410746901484,0.445744573014874,0.414796784487214,0.403910126306335,0.420181541238216,0.434527390140328,0.44134331157459,0.444341863581526,0.450486418514439,0.450408356908255,0.454869025410429,0.451547635186134,0.421278735554412,0.398686422240714,0.386412987960427,0.394779733473044,0.436260290227549,0.457266963161003,0.438070349442398,0.388013573782487,0.351587328605643,0.361887392834908,0.355962154794713,0.371560149630045,0.429850550021691,0.49179839454112,0.5246184480568,0.52406444948701,0.488045053193971,0.409226717409728,0.315228293568673,0.3251759688698,0.357163224379689,0.349455251136653,0.374022001851275
0.465922254405217,0.512843548176204,0.55346251561965,0.579989142940773,0.590109498105436,0.582830413288266,0.556733437527325,0.509739074932274,0.439771206627383,0.35793402631236,0.356692023492977,0.431179799752108,0.484597351179567,0.504581908078774,0.492032634737812,0.45125064932817,0.399810191867939,0.362118095700162,0.39464080566667,0.469580700039411,0.530582145180116,0.571910766188502,0.596415191522344,0.606380983066053,0.601555955779975,0.57928173081079,0.536123463313521,0.467722653582903,0.395258053094057,0.344467108151185,0.333572969997029,0.371076102504431,0.423177545912304,0.456828127967191,0.464299947775571,0.453081929912097,0.428782289278887,0.398062778704242,0.362417294325727,0.277745905529083,0.256954611426025,0.345981399041538,0.391411210551317,0.406584613757225,0.406485232173427,0.443057493434207,0.474493543609429,0.484107656831626,0.473055553646367,0.439927096521111,0.410049842830833,0.37450530079049,0.361738062574625,0.422295162634507,0.46634517886246,0.480523645297566,0.476971647168609,0.468684261927331,0.46039644544822,0.445742487218856,0.421473716046594,0.428029390033709,0.485810852985845,0.516993347121227,0.518126891385111,0.490113741562792,0.436529514230186,0.372540434135923,0.352077187093835,0.381775945523556,0.416250597178586,0.456942393415238
0.497649045793876,0.530953076037064,0.554195693014189,0.567305623277447,0.570233417570018,0.562871070154039,0.545433454630464,0.519799834422292,0.491201280036668,0.471724978945431,0.475178633290505,0.498024537941626,0.5225027630645,0.536067815127632,0.535024284797665,0.522097599267341,0.50630877917054,0.499960847651939,0.51246903896416,0.540356907887143,0.571048956786991,0.595302951273946,0.609357199290881,0.612914087815894,0.605315106408562,0.585897753393008,0.555241506638505,0.517551296906955,0.483036270379516,0.46056382978973,0.454417018204101,0.462774528010719,0.475756171742967,0.481213656526071,0.468074157899867,0.428418941992315,0.366437507766569,0.327524295041123,0.339409239954363,0.331062967477289,0.321175483859796,0.339533448735366,0.383647790996671,0.409426275694999,0.440647852120989,0.476682523924061,0.504494017187353,0.517126672900091,0.51410540116081,0.498993840432088,0.477970533448321,0.45825433539473,0.454084252510792,0.475909243261355,0.506405161526815,0.528789741575627,0.540334141540666,0.543213672861973,0.538931386746335,0.528936151285546,0.517723344260039,0.519225664957174,0.535611293264405,0.547411545926902,0.544137535465019,0.523167187506625,0.485498667255386,0.436022593524734,0.393336743998717,0.366507400186091,0.440222323471195,0.489727583423566
0.522005219206164,0.534394260546058,0.540187446460002,0.540096046083708,0.535494860106447,0.527856142861702,0.519086142868676,0.512218941348231,0.510367286184376,0.515522777784037,0.52766963690906,0.543979571177031,0.559946219347811,0.571689835708346,0.577562910173129,0.578446103661204,0.577600424371701,0.57896380692628,0.584836558986487,0.594669800298081,0.605632026382522,0.614143408753737,0.61752504200506,0.614685940377765,0.605396713310089,0.590151383345362,0.570620335787109,0.55005129979074,0.532375857576308,0.520624675721321,0.515445075311259,0.514661684049381,0.51391086220433,0.508191679991682,0.492590566447416,0.465788876668267,0.438859457895205,0.429858295838469,0.433767325452814,0.437876661747178,0.439060211359397,0.439646490098902,0.436626961805599,0.440809525644538,0.484221360373253,0.518586924845245,0.54234415532305,0.554971485488643,0.556838535310873,0.549455911385357,0.534627274075458,0.513688671641597,0.488428854014301,0.521211392426929,0.553076919983567,0.576605150523126,0.591980645893419,0.599845135413066,0.601769274293189,0.600007071607389,0.597504026918558,0.596779450556965,0.597450858858249,0.595819154126481,0.587911027433374,0.57175749924112,0.548152512974476,0.521141207911512,0.498077204128829,0.489919499060479,0.501180951142167,0.51883217954003
0.540510340763376,0.528979370749502,0.512738236820587,0.493349626313916,0.476063174688715,0.462607627530159,0.454401695861064,0.460823203219587,0.482419381495561,0.509592230473983,0.535930474618772,0.558982923693091,0.577799891245201,0.592174645036892,0.60223307798947,0.608483276244616,0.612247211923488,0.614610648784664,0.616143543366099,0.617053703917914,0.616889159684533,0.614683215334907,0.609362346227606,0.60043123234472,0.588232589878692,0.57369309058325,0.558354678890597,0.544258793559341,0.533460496317164,0.527158439173942,0.525166203081265,0.525823122079926,0.526744708342149,0.525902927667246,0.522520487658581,0.517352117192751,0.513038797288578,0.511959280856944,0.514049440699197,0.51741375912175,0.520617623319524,0.523617727464082,0.528046698875018,0.537452010830277,0.553284440756348,0.571148450771662,0.586367573403162,0.596249577598823,0.600247630140562,0.598900780291442,0.593787890440907,0.588117202088717,0.587659710178194,0.59693746241716,0.612081070952904,0.62712506173147,0.639013073556329,0.646809800895971,0.650923562689546,0.652311865415974,0.65186353760895,0.650104653640626,0.646774645937474,0.641081533472447,0.63207622116407,0.619301839409003,0.603492101206861,0.586637332751452,0.571186919150277,0.559118915762602,0.550370057473149,0.54232662895332
0.554744057473003,0.528176981986117,0.494924355576854,0.456952480998168,0.429725852702057,0.40457471771274,0.361271408834764,0.380888649305324,0.444163888986166,0.49195060456536,0.528638823818251,0.556820618662444,0.57817559127997,0.593896460884505,0.604912285772306,0.611793993362024,0.615161075719857,0.615578662557346,0.613271884983852,0.608243400194546,0.60059812773586,0.590185642695426,0.576863167450223,0.560748203934024,0.542366929344834,0.522962392085402,0.504438384994223,0.489297850647077,0.480372308023322,0.47928994040294,0.485264300928414,0.495634596250141,0.507559892708005,0.518972067930603,0.52910196334679,0.537955836511674,0.545921950032106,0.553492984175012,0.56086627075023,0.568053089738371,0.575121929940545,0.582278118284783,0.589929938056616,0.598570926753785,0.608397266861843,0.618692401049869,0.628179623983671,0.63575142469671,0.641045811580218,0.644323179047614,0.646415348776851,0.648664227578043,0.652345745438824,0.657983568834931,0.665053549637636,0.672521203855062,0.679182677269276,0.684157838969633,0.687168343080437,0.688301157420584,0.687680370490495,0.685306083536411,0.681046554245084,0.674704016366936,0.666118916253885,0.655256226939578,0.642553049944214,0.62852541157157,0.613547864284593,0.597588953459889,0.579969281122782,0.559333631704318
0.582243842682389,0.559932517720809,0.53658712358774,0.514667420902024,0.496999914855605,0.484712893061138,0.479972964928913,0.486054376033887,0.502045332575555,0.522701586063543,0.543291482190266,0.561307754544892,0.57571683421023,0.586320639555268,0.593222352491586,0.596516975102773,0.596368590893504,0.592822578907761,0.585875311687859,0.575402486315212,0.561226644846555,0.543189792351328,0.521101031239673,0.494814441742196,0.464503310175072,0.430899724543243,0.395773863044368,0.363478970587102,0.346148958559439,0.359099948817464,0.391905397843358,0.42765058883676,0.460230897395287,0.488479944269754,0.512604230203386,0.533120502433134,0.550725258457369,0.566081577561928,0.579662349734333,0.591823810585227,0.602900156092184,0.613167531599506,0.622832286713371,0.632137039198154,0.641204194265773,0.649895450297646,0.657852144159711,0.664953377512815,0.671167199029825,0.676572184102989,0.68138376541964,0.685845301750053,0.690140844332647,0.694416589024333,0.698613861350395,0.702529807199301,0.705842192049241,0.708205060038207,0.709422345222391,0.709359096731405,0.707925861490133,0.705044566820106,0.700601666085965,0.694497354277089,0.686643672951582,0.677111194551511,0.666057036536702,0.653540217741237,0.639521088936416,0.623841361593524,0.606232531098655,0.586426973120148
0.617483942308118,0.604610715583129,0.592343258701124,0.581340087148926,0.572260355322974,0.565683533910226,0.561983525294222,0.561188878374346,0.562900294727784,0.56635725776916,0.570610427492064,0.574683414613161,0.57777489653827,0.579343185886047,0.578960111076624,0.576278171789383,0.571060765543969,0.563069351313097,0.552039127979501,0.537647555239746,0.51950725718673,0.497093197361073,0.469777483968267,0.436683809858602,0.396528776347007,0.347236214982584,0.285004620541717,0.201268809171509,0.232790127883269,0.291682138217062,0.345843616176785,0.393442830803274,0.434127360951312,0.468780441512413,0.498461690943077,0.524086766542293,0.546337900346084,0.565743291839495,0.582795357595606,0.597895302700004,0.611376843885422,0.623541710731823,0.634642943125219,0.64484473703968,0.654227482633679,0.662841602725182,0.670719546157201,0.67789634062166,0.684419614898267,0.690298705055352,0.695547122740638,0.700192701045095,0.704273971560448,0.707806289531196,0.710763787087945,0.713119249892135,0.714793709980162,0.71567748379304,0.715689072512341,0.714769182295243,0.712840286436427,0.709834440512571,0.705692076318519,0.700352432185092,0.693804171866707,0.686130782567098,0.677374904646353,0.667595305004433,0.65685829256859,0.645246286484557,0.632895874636122,0.620049369205286
0.64118255431788,0.63407736981423,0.627246932983877,0.620829925262723,0.614939266818952,0.609656009259034,0.605002744210034,0.600934595132722,0.597346556026609,0.594059985491339,0.590849930470078,0.587495201675166,0.583767853189319,0.579415042378867,0.574203492787042,0.567953090375889,0.560506508837665,0.551735842592234,0.541542584813917,0.529872668590689,0.516752236785222,0.502315829756029,0.486858167081071,0.470930859841788,0.455460421872358,0.441854517695034,0.431950513323394,0.427600485722815,0.429856749284265,0.438380067822998,0.451727130201751,0.468124466883884,0.486041834648563,0.504380427975893,0.52243017117939,0.539772393687278,0.556174836403696,0.571518976198299,0.585753248567502,0.598903344988378,0.611021857508694,0.622170749312687,0.632415240340584,0.64182366789562,0.650459402963512,0.658376269453122,0.665614630059024,0.67220696188967,0.678185277572459,0.683573765164457,0.688375190057764,0.692564132371364,0.696143327527116,0.699104088153573,0.701439959557976,0.703147222600505,0.704216360353047,0.704626815294244,0.704352735960243,0.703380507169572,0.701698514173992,0.699285483157906,0.696134772051626,0.692261180978742,0.687726759918849,0.682577117068494,0.676860763526787,0.670641063455365,0.663997021869716,0.657026038173474,0.649846225375847,0.642607481103298
0.643692893600406,0.639991401005347,0.636234855658116,0.632444604698861,0.628635382421541,0.624815092176569,0.620985995815181,0.617150783530137,0.613303727519967,0.609428638358388,0.60550859962743,0.601525372700982,0.597461609443699,0.593304813649608,0.589052671564593,0.584712767784385,0.580304729775398,0.575863021969804,0.571438901721226,0.56710206080171,0.562940676423048,0.559060126562659,0.555579777622538,0.552627488998059,0.550331767117209,0.548811976760277,0.54816787684231,0.548469700714951,0.549750942484972,0.552004257672013,0.555181555754979,0.559196559574929,0.563941565161884,0.569293868602382,0.575123872001725,0.58130330380383,0.587711539771844,0.594239310696965,0.600791333790911,0.607284631349327,0.613645726477681,0.619817617088138,0.625755911133468,0.631425167654254,0.636797253242114,0.641849849761894,0.646565719409543,0.650930609325651,0.654933868057951,0.65856792336153,0.661826600326221,0.664703947590842,0.66719503658751,0.669295383022568,0.670999555931656,0.672298347229289,0.673187639057242,0.67366559228143,0.673734830423462,0.67340119963445,0.672672373073386,0.671558971177974,0.670081488725861,0.668259876642706,0.66611649338567,0.663676107522662,0.660964635976875,0.658010322294813,0.654845182204547,0.651503144733689,0.648016820596779,0.644416118551288
0.622720897948035,0.622720897948035,0.622720897948035,0.622720897948035,0.622720897948035,0.622720897948035,0.622720897948035,0.622720897948035,0.622720897948035,0.622720897948035,0.622720897948035,0.622720897948035,0.622720897948035,0.622720897948035,0.622720897948035,0.622720897948035,0.622720897948035,0.622720897948035,0.622720897948035,0.622720897948035,0.622720897948035,0.622720897948035,0.622720897948035,0.622720897948035,0.622720897948035,0.622720897948035,0.622720897948035,0.622720897948035,0.622720897948035,0.622720897948035,0.622720897948035,0.622720897948035,0.622720897948035,0.622720897948035,0.622720897948035,0.622720897948035,0.622720897948035,0.622720897948035,0.622720897948035,0.622720897948035,0.622720897948035,0.622720897948035,0.622720897948035,0.622720897948035,0.622720897948035,0.622720897948035,0.622720897948035,0.622720897948035,0.622720897948035,0.622720897948035,0.622720897948035,0.622720897948035,0.622720897948035,0.622720897948035,0.622720897948035,0.622720897948035,0.622720897948035,0.622720897948035,0.622720897948035,0.622720897948035,0.622720897948035,0.622720897948035,0.622720897948035,0.622720897948035,0.622720897948035,0.622720897948035,0.622720897948035,0.622720897948035,0.622720897948035,0.622720897948035,0.622720897948035,0.622720897948035
